id,pokemon,species_id,height,weight,base_experience,type_1,type_2,hp,attack,defense,special_attack,special_defense,speed,color_1,color_2,color_f,egg_group_1,egg_group_2
1,bulbasaur,1,0.7,6.9,64,grass,poison,45,49,49,65,65,45,#78C850,#A040A0,#81A763,monster,plant
2,ivysaur,2,1,13,142,grass,poison,60,62,63,80,80,60,#78C850,#A040A0,#81A763,monster,plant
3,venusaur,3,2,100,236,grass,poison,80,82,83,100,100,80,#78C850,#A040A0,#81A763,monster,plant
4,charmander,4,0.6,8.5,62,fire,NA,39,52,43,60,50,65,#F08030,NA,NA,monster,dragon
5,charmeleon,5,1.1,19,142,fire,NA,58,64,58,80,65,80,#F08030,NA,NA,monster,dragon
6,charizard,6,1.7,90.5,240,fire,flying,78,84,78,109,85,100,#F08030,#A890F0,#DE835E,monster,dragon
7,squirtle,7,0.5,9,63,water,NA,44,48,65,50,64,43,#6890F0,NA,NA,monster,water1
8,wartortle,8,1,22.5,142,water,NA,59,63,80,65,80,58,#6890F0,NA,NA,monster,water1
9,blastoise,9,1.6,85.5,239,water,NA,79,83,100,85,105,78,#6890F0,NA,NA,monster,water1
10,caterpie,10,0.3,2.9,39,bug,NA,45,30,35,20,20,45,#A8B820,NA,NA,bug,NA
11,metapod,11,0.7,9.9,72,bug,NA,50,20,55,25,25,30,#A8B820,NA,NA,bug,NA
12,butterfree,12,1.1,32,178,bug,flying,60,45,50,90,80,70,#A8B820,#A890F0,#A8AE52,bug,NA
13,weedle,13,0.3,3.2,39,bug,poison,40,35,30,20,20,50,#A8B820,#A040A0,#A69A3F,bug,NA
14,kakuna,14,0.6,10,72,bug,poison,45,25,50,25,25,35,#A8B820,#A040A0,#A69A3F,bug,NA
15,beedrill,15,1,29.5,178,bug,poison,65,90,40,45,80,75,#A8B820,#A040A0,#A69A3F,bug,NA
16,pidgey,16,0.3,1.8,50,normal,flying,40,45,40,35,35,56,#A8A878,#A890F0,#A8A295,flying,NA
17,pidgeotto,17,1.1,30,122,normal,flying,63,60,55,50,50,71,#A8A878,#A890F0,#A8A295,flying,NA
18,pidgeot,18,1.5,39.5,216,normal,flying,83,80,75,70,70,101,#A8A878,#A890F0,#A8A295,flying,NA
19,rattata,19,0.3,3.5,51,normal,NA,30,56,35,25,35,72,#A8A878,NA,NA,ground,NA
20,raticate,20,0.7,18.5,145,normal,NA,55,81,60,50,70,97,#A8A878,NA,NA,ground,NA
21,spearow,21,0.3,2,52,normal,flying,40,60,30,31,31,70,#A8A878,#A890F0,#A8A295,flying,NA
22,fearow,22,1.2,38,155,normal,flying,65,90,65,61,61,100,#A8A878,#A890F0,#A8A295,flying,NA
23,ekans,23,2,6.9,58,poison,NA,35,60,44,40,54,55,#A040A0,NA,NA,ground,dragon
24,arbok,24,3.5,65,157,poison,NA,60,95,69,65,79,80,#A040A0,NA,NA,ground,dragon
25,pikachu,25,0.4,6,112,electric,NA,35,55,40,50,50,90,#F8D030,NA,NA,ground,fairy
26,raichu,26,0.8,30,218,electric,NA,60,90,55,90,80,110,#F8D030,NA,NA,ground,fairy
27,sandshrew,27,0.6,12,60,ground,NA,50,75,85,20,30,40,#E0C068,NA,NA,ground,NA
28,sandslash,28,1,29.5,158,ground,NA,75,100,110,45,55,65,#E0C068,NA,NA,ground,NA
29,nidoran-f,29,0.4,7,55,poison,NA,55,47,52,40,40,41,#A040A0,NA,NA,monster,ground
30,nidorina,30,0.8,20,128,poison,NA,70,62,67,55,55,56,#A040A0,NA,NA,no-eggs,NA
31,nidoqueen,31,1.3,60,227,poison,ground,90,92,87,75,85,76,#A040A0,#E0C068,#AF5F92,no-eggs,NA
32,nidoran-m,32,0.5,9,55,poison,NA,46,57,40,40,40,50,#A040A0,NA,NA,monster,ground
33,nidorino,33,0.9,19.5,128,poison,NA,61,72,57,55,55,65,#A040A0,NA,NA,monster,ground
34,nidoking,34,1.4,62,227,poison,ground,81,102,77,85,75,85,#A040A0,#E0C068,#AF5F92,monster,ground
35,clefairy,35,0.6,7.5,113,fairy,NA,70,45,48,60,65,35,#EE99AC,NA,NA,fairy,NA
36,clefable,36,1.3,40,217,fairy,NA,95,70,73,95,90,60,#EE99AC,NA,NA,fairy,NA
37,vulpix,37,0.6,9.9,60,fire,NA,38,41,40,50,65,65,#F08030,NA,NA,ground,NA
38,ninetales,38,1.1,19.9,177,fire,NA,73,76,75,81,100,100,#F08030,NA,NA,ground,NA
39,jigglypuff,39,0.5,5.5,95,normal,fairy,115,45,20,45,25,20,#A8A878,#EE99AC,#B8A484,fairy,NA
40,wigglytuff,40,1,12,196,normal,fairy,140,70,45,85,50,45,#A8A878,#EE99AC,#B8A484,fairy,NA
41,zubat,41,0.8,7.5,49,poison,flying,40,45,35,30,40,55,#A040A0,#A890F0,#A153B3,flying,NA
42,golbat,42,1.6,55,159,poison,flying,75,80,70,65,75,90,#A040A0,#A890F0,#A153B3,flying,NA
43,oddish,43,0.5,5.4,64,grass,poison,45,50,55,75,65,30,#78C850,#A040A0,#81A763,plant,NA
44,gloom,44,0.8,8.6,138,grass,poison,60,65,70,85,75,40,#78C850,#A040A0,#81A763,plant,NA
45,vileplume,45,1.2,18.6,221,grass,poison,75,80,85,110,90,50,#78C850,#A040A0,#81A763,plant,NA
46,paras,46,0.3,5.4,57,bug,grass,35,70,55,45,55,25,#A8B820,#78C850,#9CBB2B,bug,plant
47,parasect,47,1,29.5,142,bug,grass,60,95,80,60,80,30,#A8B820,#78C850,#9CBB2B,bug,plant
48,venonat,48,1,30,61,bug,poison,60,55,50,40,55,45,#A8B820,#A040A0,#A69A3F,bug,NA
49,venomoth,49,1.5,12.5,158,bug,poison,70,65,60,90,75,90,#A8B820,#A040A0,#A69A3F,bug,NA
50,diglett,50,0.2,0.8,53,ground,NA,10,55,25,35,45,95,#E0C068,NA,NA,ground,NA
51,dugtrio,51,0.7,33.3,149,ground,NA,35,100,50,50,70,120,#E0C068,NA,NA,ground,NA
52,meowth,52,0.4,4.2,58,normal,NA,40,45,35,40,40,90,#A8A878,NA,NA,ground,NA
53,persian,53,1,32,154,normal,NA,65,70,60,65,65,115,#A8A878,NA,NA,ground,NA
54,psyduck,54,0.8,19.6,64,water,NA,50,52,48,65,50,55,#6890F0,NA,NA,water1,ground
55,golduck,55,1.7,76.6,175,water,NA,80,82,78,95,80,85,#6890F0,NA,NA,water1,ground
56,mankey,56,0.5,28,61,fighting,NA,40,80,35,35,45,70,#C03028,NA,NA,ground,NA
57,primeape,57,1,32,159,fighting,NA,65,105,60,60,70,95,#C03028,NA,NA,ground,NA
58,growlithe,58,0.7,19,70,fire,NA,55,70,45,70,50,60,#F08030,NA,NA,ground,NA
59,arcanine,59,1.9,155,194,fire,NA,90,110,80,100,80,95,#F08030,NA,NA,ground,NA
60,poliwag,60,0.6,12.4,60,water,NA,40,50,40,40,40,90,#6890F0,NA,NA,water1,NA
61,poliwhirl,61,1,20,135,water,NA,65,65,65,50,50,90,#6890F0,NA,NA,water1,NA
62,poliwrath,62,1.3,54,230,water,fighting,90,95,95,70,90,70,#6890F0,#C03028,#7D78BF,water1,NA
63,abra,63,0.9,19.5,62,psychic,NA,25,20,15,105,55,90,#F85888,NA,NA,humanshape,NA
64,kadabra,64,1.3,56.5,140,psychic,NA,40,35,30,120,70,105,#F85888,NA,NA,humanshape,NA
65,alakazam,65,1.5,48,225,psychic,NA,55,50,45,135,95,120,#F85888,NA,NA,humanshape,NA
66,machop,66,0.8,19.5,61,fighting,NA,70,80,50,35,35,35,#C03028,NA,NA,humanshape,NA
67,machoke,67,1.5,70.5,142,fighting,NA,80,100,70,50,60,45,#C03028,NA,NA,humanshape,NA
68,machamp,68,1.6,130,227,fighting,NA,90,130,80,65,85,55,#C03028,NA,NA,humanshape,NA
69,bellsprout,69,0.7,4,60,grass,poison,50,75,35,70,30,40,#78C850,#A040A0,#81A763,plant,NA
70,weepinbell,70,1,6.4,137,grass,poison,65,90,50,85,45,55,#78C850,#A040A0,#81A763,plant,NA
71,victreebel,71,1.7,15.5,221,grass,poison,80,105,65,100,70,70,#78C850,#A040A0,#81A763,plant,NA
72,tentacool,72,0.9,45.5,67,water,poison,40,40,35,50,100,70,#6890F0,#A040A0,#757CDC,water3,NA
73,tentacruel,73,1.6,55,180,water,poison,80,70,65,80,120,100,#6890F0,#A040A0,#757CDC,water3,NA
74,geodude,74,0.4,20,60,rock,ground,40,80,100,30,30,20,#B8A038,#E0C068,#C1A743,mineral,NA
75,graveler,75,1,105,137,rock,ground,55,95,115,45,45,35,#B8A038,#E0C068,#C1A743,mineral,NA
76,golem,76,1.4,300,223,rock,ground,80,120,130,55,65,45,#B8A038,#E0C068,#C1A743,mineral,NA
77,ponyta,77,1,30,82,fire,NA,50,85,55,65,65,90,#F08030,NA,NA,ground,NA
78,rapidash,78,1.7,95,175,fire,NA,65,100,70,80,80,105,#F08030,NA,NA,ground,NA
79,slowpoke,79,1.2,36,63,water,psychic,90,65,65,40,40,15,#6890F0,#F85888,#8A82D6,monster,water1
80,slowbro,80,1.6,78.5,172,water,psychic,95,75,110,100,80,30,#6890F0,#F85888,#8A82D6,monster,water1
81,magnemite,81,0.3,6,65,electric,steel,25,35,70,95,55,45,#F8D030,#B8B8D0,#E8CA56,mineral,NA
82,magneton,82,1,60,163,electric,steel,50,60,95,120,70,70,#F8D030,#B8B8D0,#E8CA56,mineral,NA
83,farfetchd,83,0.8,15,132,normal,flying,52,90,55,58,62,60,#A8A878,#A890F0,#A8A295,flying,ground
84,doduo,84,1.4,39.2,62,normal,flying,35,85,45,35,35,75,#A8A878,#A890F0,#A8A295,flying,NA
85,dodrio,85,1.8,85.2,165,normal,flying,60,110,70,60,60,110,#A8A878,#A890F0,#A8A295,flying,NA
86,seel,86,1.1,90,65,water,NA,65,45,55,45,70,45,#6890F0,NA,NA,water1,ground
87,dewgong,87,1.7,120,166,water,ice,90,70,80,70,95,70,#6890F0,#98D8D8,#73A1EA,water1,ground
88,grimer,88,0.9,30,65,poison,NA,80,80,50,40,50,25,#A040A0,NA,NA,indeterminate,NA
89,muk,89,1.2,30,175,poison,NA,105,105,75,65,100,50,#A040A0,NA,NA,indeterminate,NA
90,shellder,90,0.3,4,61,water,NA,30,65,100,45,25,40,#6890F0,NA,NA,water3,NA
91,cloyster,91,1.5,132.5,184,water,ice,50,95,180,85,45,70,#6890F0,#98D8D8,#73A1EA,water3,NA
92,gastly,92,1.3,0.1,62,ghost,poison,30,35,30,100,35,80,#705898,#A040A0,#7B5299,indeterminate,NA
93,haunter,93,1.6,0.1,142,ghost,poison,45,50,45,115,55,95,#705898,#A040A0,#7B5299,indeterminate,NA
94,gengar,94,1.5,40.5,225,ghost,poison,60,65,60,130,75,110,#705898,#A040A0,#7B5299,indeterminate,NA
95,onix,95,8.8,210,77,rock,ground,35,45,160,30,45,70,#B8A038,#E0C068,#C1A743,mineral,NA
96,drowzee,96,1,32.4,66,psychic,NA,60,48,45,43,90,42,#F85888,NA,NA,humanshape,NA
97,hypno,97,1.6,75.6,169,psychic,NA,85,73,70,73,115,67,#F85888,NA,NA,humanshape,NA
98,krabby,98,0.4,6.5,65,water,NA,30,105,90,25,25,50,#6890F0,NA,NA,water3,NA
99,kingler,99,1.3,60,166,water,NA,55,130,115,50,50,75,#6890F0,NA,NA,water3,NA
100,voltorb,100,0.5,10.4,66,electric,NA,40,30,50,55,55,100,#F8D030,NA,NA,mineral,NA
101,electrode,101,1.2,66.6,172,electric,NA,60,50,70,80,80,150,#F8D030,NA,NA,mineral,NA
102,exeggcute,102,0.4,2.5,65,grass,psychic,60,40,80,60,45,40,#78C850,#F85888,#97AC5D,plant,NA
103,exeggutor,103,2,120,186,grass,psychic,95,95,85,125,75,55,#78C850,#F85888,#97AC5D,plant,NA
104,cubone,104,0.4,6.5,64,ground,NA,50,50,95,40,50,35,#E0C068,NA,NA,monster,NA
105,marowak,105,1,45,149,ground,NA,60,80,110,50,80,45,#E0C068,NA,NA,monster,NA
106,hitmonlee,106,1.5,49.8,159,fighting,NA,50,120,53,35,110,87,#C03028,NA,NA,humanshape,NA
107,hitmonchan,107,1.4,50.2,159,fighting,NA,50,105,79,35,110,76,#C03028,NA,NA,humanshape,NA
108,lickitung,108,1.2,65.5,77,normal,NA,90,55,75,60,75,30,#A8A878,NA,NA,monster,NA
109,koffing,109,0.6,1,68,poison,NA,40,65,95,60,45,35,#A040A0,NA,NA,indeterminate,NA
110,weezing,110,1.2,9.5,172,poison,NA,65,90,120,85,70,60,#A040A0,NA,NA,indeterminate,NA
111,rhyhorn,111,1,115,69,ground,rock,80,85,95,30,30,25,#E0C068,#B8A038,#D6B85C,monster,ground
112,rhydon,112,1.9,120,170,ground,rock,105,130,120,45,45,40,#E0C068,#B8A038,#D6B85C,monster,ground
113,chansey,113,1.1,34.6,395,normal,NA,250,5,5,35,105,50,#A8A878,NA,NA,fairy,NA
114,tangela,114,1,35,87,grass,NA,65,55,115,100,40,60,#78C850,NA,NA,plant,NA
115,kangaskhan,115,2.2,80,172,normal,NA,105,95,80,40,80,90,#A8A878,NA,NA,monster,NA
116,horsea,116,0.4,8,59,water,NA,30,40,70,70,25,60,#6890F0,NA,NA,water1,dragon
117,seadra,117,1.2,25,154,water,NA,55,65,95,95,45,85,#6890F0,NA,NA,water1,dragon
118,goldeen,118,0.6,15,64,water,NA,45,67,60,35,50,63,#6890F0,NA,NA,water2,NA
119,seaking,119,1.3,39,158,water,NA,80,92,65,65,80,68,#6890F0,NA,NA,water2,NA
120,staryu,120,0.8,34.5,68,water,NA,30,45,55,70,55,85,#6890F0,NA,NA,water3,NA
121,starmie,121,1.1,80,182,water,psychic,60,75,85,100,85,115,#6890F0,#F85888,#8A82D6,water3,NA
122,mr-mime,122,1.3,54.5,161,psychic,fairy,40,45,65,100,120,90,#F85888,#EE99AC,#F56790,humanshape,NA
123,scyther,123,1.5,56,100,bug,flying,70,110,80,55,80,105,#A8B820,#A890F0,#A8AE52,bug,NA
124,jynx,124,1.4,40.6,159,ice,psychic,65,50,35,115,95,95,#98D8D8,#F85888,#AFB8C4,humanshape,NA
125,electabuzz,125,1.1,30,172,electric,NA,65,83,57,95,85,105,#F8D030,NA,NA,humanshape,NA
126,magmar,126,1.3,44.5,173,fire,NA,65,95,57,100,85,93,#F08030,NA,NA,humanshape,NA
127,pinsir,127,1.5,55,175,bug,NA,65,125,100,55,70,85,#A8B820,NA,NA,bug,NA
128,tauros,128,1.4,88.4,172,normal,NA,75,100,95,40,70,110,#A8A878,NA,NA,ground,NA
129,magikarp,129,0.9,10,40,water,NA,20,10,55,15,20,80,#6890F0,NA,NA,water2,dragon
130,gyarados,130,6.5,235,189,water,flying,95,125,79,60,100,81,#6890F0,#A890F0,#7790F0,water2,dragon
131,lapras,131,2.5,220,187,water,ice,130,85,80,85,95,60,#6890F0,#98D8D8,#73A1EA,monster,water1
132,ditto,132,0.3,4,101,normal,NA,48,48,48,48,48,48,#A8A878,NA,NA,ditto,NA
133,eevee,133,0.3,6.5,65,normal,NA,55,55,50,45,65,55,#A8A878,NA,NA,ground,NA
134,vaporeon,134,1,29,184,water,NA,130,65,60,110,95,65,#6890F0,NA,NA,ground,NA
135,jolteon,135,0.8,24.5,184,electric,NA,65,65,60,110,95,130,#F8D030,NA,NA,ground,NA
136,flareon,136,0.9,25,184,fire,NA,65,130,60,95,110,65,#F08030,NA,NA,ground,NA
137,porygon,137,0.8,36.5,79,normal,NA,65,60,70,85,75,40,#A8A878,NA,NA,mineral,NA
138,omanyte,138,0.4,7.5,71,rock,water,35,40,100,90,55,35,#B8A038,#6890F0,#A49C64,water1,water3
139,omastar,139,1,35,173,rock,water,70,60,125,115,70,55,#B8A038,#6890F0,#A49C64,water1,water3
140,kabuto,140,0.5,11.5,71,rock,water,30,80,90,55,45,55,#B8A038,#6890F0,#A49C64,water1,water3
141,kabutops,141,1.3,40.5,173,rock,water,60,115,105,65,70,80,#B8A038,#6890F0,#A49C64,water1,water3
142,aerodactyl,142,1.8,59,180,rock,flying,80,105,65,60,75,130,#B8A038,#A890F0,#B49C64,flying,NA
143,snorlax,143,2.1,460,189,normal,NA,160,110,65,65,110,30,#A8A878,NA,NA,monster,NA
144,articuno,144,1.7,55.4,261,ice,flying,90,85,100,95,125,85,#98D8D8,#A890F0,#9BC6DD,no-eggs,NA
145,zapdos,145,1.6,52.6,261,electric,flying,90,90,85,125,90,100,#F8D030,#A890F0,#E4C05E,no-eggs,NA
146,moltres,146,2,60,261,fire,flying,90,100,90,125,85,90,#F08030,#A890F0,#DE835E,no-eggs,NA
147,dratini,147,1.8,3.3,60,dragon,NA,41,64,45,50,50,50,#7038F8,NA,NA,water1,dragon
148,dragonair,148,4,16.5,147,dragon,NA,61,84,65,70,70,70,#7038F8,NA,NA,water1,dragon
149,dragonite,149,2.2,210,270,dragon,flying,91,134,95,100,100,80,#7038F8,#A890F0,#7D4DF6,water1,dragon
150,mewtwo,150,2,122,306,psychic,NA,106,110,90,154,90,130,#F85888,NA,NA,no-eggs,NA
151,mew,151,0.4,4,270,psychic,NA,100,100,100,100,100,100,#F85888,NA,NA,no-eggs,NA
152,chikorita,152,0.9,6.4,64,grass,NA,45,49,65,49,65,45,#78C850,NA,NA,monster,plant
153,bayleef,153,1.2,15.8,142,grass,NA,60,62,80,63,80,60,#78C850,NA,NA,monster,plant
154,meganium,154,1.8,100.5,236,grass,NA,80,82,100,83,100,80,#78C850,NA,NA,monster,plant
155,cyndaquil,155,0.5,7.9,62,fire,NA,39,52,43,60,50,65,#F08030,NA,NA,ground,NA
156,quilava,156,0.9,19,142,fire,NA,58,64,58,80,65,80,#F08030,NA,NA,ground,NA
157,typhlosion,157,1.7,79.5,240,fire,NA,78,84,78,109,85,100,#F08030,NA,NA,ground,NA
158,totodile,158,0.6,9.5,63,water,NA,50,65,64,44,48,43,#6890F0,NA,NA,monster,water1
159,croconaw,159,1.1,25,142,water,NA,65,80,80,59,63,58,#6890F0,NA,NA,monster,water1
160,feraligatr,160,2.3,88.8,239,water,NA,85,105,100,79,83,78,#6890F0,NA,NA,monster,water1
161,sentret,161,0.8,6,43,normal,NA,35,46,34,35,45,20,#A8A878,NA,NA,ground,NA
162,furret,162,1.8,32.5,145,normal,NA,85,76,64,45,55,90,#A8A878,NA,NA,ground,NA
163,hoothoot,163,0.7,21.2,52,normal,flying,60,30,30,36,56,50,#A8A878,#A890F0,#A8A295,flying,NA
164,noctowl,164,1.6,40.8,158,normal,flying,100,50,50,86,96,70,#A8A878,#A890F0,#A8A295,flying,NA
165,ledyba,165,1,10.8,53,bug,flying,40,20,30,40,80,55,#A8B820,#A890F0,#A8AE52,bug,NA
166,ledian,166,1.4,35.6,137,bug,flying,55,35,50,55,110,85,#A8B820,#A890F0,#A8AE52,bug,NA
167,spinarak,167,0.5,8.5,50,bug,poison,40,60,40,40,40,30,#A8B820,#A040A0,#A69A3F,bug,NA
168,ariados,168,1.1,33.5,140,bug,poison,70,90,70,60,70,40,#A8B820,#A040A0,#A69A3F,bug,NA
169,crobat,169,1.8,75,241,poison,flying,85,90,80,70,80,130,#A040A0,#A890F0,#A153B3,flying,NA
170,chinchou,170,0.5,12,66,water,electric,75,38,38,56,56,67,#6890F0,#F8D030,#8A9FC1,water2,NA
171,lanturn,171,1.2,22.5,161,water,electric,125,58,58,76,76,67,#6890F0,#F8D030,#8A9FC1,water2,NA
172,pichu,172,0.3,2,41,electric,NA,20,40,15,35,35,60,#F8D030,NA,NA,no-eggs,NA
173,cleffa,173,0.3,3,44,fairy,NA,50,25,28,45,55,15,#EE99AC,NA,NA,no-eggs,NA
174,igglybuff,174,0.3,1,42,normal,fairy,90,30,15,40,20,15,#A8A878,#EE99AC,#B8A484,no-eggs,NA
175,togepi,175,0.3,1.5,49,fairy,NA,35,20,65,40,65,20,#EE99AC,NA,NA,no-eggs,NA
176,togetic,176,0.6,3.2,142,fairy,flying,55,40,85,80,105,40,#EE99AC,#A890F0,#DD96BC,flying,fairy
177,natu,177,0.2,2,64,psychic,flying,40,50,45,70,45,70,#F85888,#A890F0,#E465A1,flying,NA
178,xatu,178,1.5,15,165,psychic,flying,65,75,70,95,70,95,#F85888,#A890F0,#E465A1,flying,NA
179,mareep,179,0.6,7.8,56,electric,NA,55,40,40,65,45,35,#F8D030,NA,NA,monster,ground
180,flaaffy,180,0.8,13.3,128,electric,NA,70,55,55,80,60,45,#F8D030,NA,NA,monster,ground
181,ampharos,181,1.4,61.5,230,electric,NA,90,75,85,115,90,55,#F8D030,NA,NA,monster,ground
182,bellossom,182,0.4,5.8,221,grass,NA,75,80,95,90,100,50,#78C850,NA,NA,plant,NA
183,marill,183,0.4,8.5,88,water,fairy,70,20,50,20,50,40,#6890F0,#EE99AC,#8892DF,water1,fairy
184,azumarill,184,0.8,28.5,189,water,fairy,100,50,80,60,80,50,#6890F0,#EE99AC,#8892DF,water1,fairy
185,sudowoodo,185,1.2,38,144,rock,NA,70,100,115,30,65,30,#B8A038,NA,NA,mineral,NA
186,politoed,186,1.1,33.9,225,water,NA,90,75,75,90,100,70,#6890F0,NA,NA,water1,NA
187,hoppip,187,0.4,0.5,50,grass,flying,35,35,40,35,55,50,#78C850,#A890F0,#83BA76,fairy,plant
188,skiploom,188,0.6,1,119,grass,flying,55,45,50,45,65,80,#78C850,#A890F0,#83BA76,fairy,plant
189,jumpluff,189,0.8,3,207,grass,flying,75,55,70,55,95,110,#78C850,#A890F0,#83BA76,fairy,plant
190,aipom,190,0.8,11.5,72,normal,NA,55,70,55,40,55,85,#A8A878,NA,NA,ground,NA
191,sunkern,191,0.3,1.8,36,grass,NA,30,30,30,30,30,30,#78C850,NA,NA,plant,NA
192,sunflora,192,0.8,8.5,149,grass,NA,75,75,55,105,85,30,#78C850,NA,NA,plant,NA
193,yanma,193,1.2,38,78,bug,flying,65,65,45,75,45,95,#A8B820,#A890F0,#A8AE52,bug,NA
194,wooper,194,0.4,8.5,42,water,ground,55,45,45,25,25,15,#6890F0,#E0C068,#859BCF,water1,ground
195,quagsire,195,1.4,75,151,water,ground,95,85,85,65,65,35,#6890F0,#E0C068,#859BCF,water1,ground
196,espeon,196,0.9,26.5,184,psychic,NA,65,65,60,130,95,110,#F85888,NA,NA,ground,NA
197,umbreon,197,1,27,184,dark,NA,95,65,110,60,130,65,#705848,NA,NA,ground,NA
198,murkrow,198,0.5,2.1,81,dark,flying,60,85,42,85,42,91,#705848,#A890F0,#7D6570,flying,NA
199,slowking,199,2,79.5,172,water,psychic,95,75,80,100,110,30,#6890F0,#F85888,#8A82D6,monster,water1
200,misdreavus,200,0.7,1,87,ghost,NA,60,60,60,85,85,85,#705898,NA,NA,indeterminate,NA
201,unown,201,0.5,5,118,psychic,NA,48,72,48,72,48,48,#F85888,NA,NA,no-eggs,NA
202,wobbuffet,202,1.3,28.5,142,psychic,NA,190,33,58,33,58,33,#F85888,NA,NA,indeterminate,NA
203,girafarig,203,1.5,41.5,159,normal,psychic,70,80,65,90,65,85,#A8A878,#F85888,#BB947B,ground,NA
204,pineco,204,0.6,7.2,58,bug,NA,50,65,90,35,35,15,#A8B820,NA,NA,bug,NA
205,forretress,205,1.2,125.8,163,bug,steel,75,90,140,60,60,40,#A8B820,#B8B8D0,#ABB84A,bug,NA
206,dunsparce,206,1.5,14,145,normal,NA,100,70,70,65,65,45,#A8A878,NA,NA,ground,NA
207,gligar,207,1.1,64.8,86,ground,flying,65,75,105,35,65,85,#E0C068,#A890F0,#D2B488,bug,NA
208,steelix,208,9.2,400,179,steel,ground,75,85,200,55,65,30,#B8B8D0,#E0C068,#C1B9B6,mineral,NA
209,snubbull,209,0.6,7.8,60,fairy,NA,60,80,50,40,40,30,#EE99AC,NA,NA,ground,fairy
210,granbull,210,1.4,48.7,158,fairy,NA,90,120,75,60,60,45,#EE99AC,NA,NA,ground,fairy
211,qwilfish,211,0.5,3.9,88,water,poison,65,95,85,55,55,85,#6890F0,#A040A0,#757CDC,water2,NA
212,scizor,212,1.8,118,175,bug,steel,70,130,100,55,80,65,#A8B820,#B8B8D0,#ABB84A,bug,NA
213,shuckle,213,0.6,20.5,177,bug,rock,20,10,230,10,230,5,#A8B820,#B8A038,#ABB225,bug,NA
214,heracross,214,1.5,54,175,bug,fighting,80,125,75,40,95,85,#A8B820,#C03028,#AD9721,bug,NA
215,sneasel,215,0.9,28,86,dark,ice,55,95,55,35,75,115,#705848,#98D8D8,#79776A,ground,NA
216,teddiursa,216,0.6,8.8,66,normal,NA,60,80,50,50,50,40,#A8A878,NA,NA,ground,NA
217,ursaring,217,1.8,125.8,175,normal,NA,90,130,75,75,75,55,#A8A878,NA,NA,ground,NA
218,slugma,218,0.7,35,50,fire,NA,40,40,40,70,40,20,#F08030,NA,NA,indeterminate,NA
219,magcargo,219,0.8,55,151,fire,rock,60,50,120,90,80,30,#F08030,#B8A038,#E28731,indeterminate,NA
220,swinub,220,0.4,6.5,50,ice,ground,50,50,40,30,30,50,#98D8D8,#E0C068,#A9D2BC,ground,NA
221,piloswine,221,1.1,55.8,158,ice,ground,100,100,80,60,60,50,#98D8D8,#E0C068,#A9D2BC,ground,NA
222,corsola,222,0.6,5,144,water,rock,65,55,95,65,95,35,#6890F0,#B8A038,#7B93C3,water1,water3
223,remoraid,223,0.6,12,60,water,NA,35,65,35,65,35,65,#6890F0,NA,NA,water1,water2
224,octillery,224,0.9,28.5,168,water,NA,75,105,75,105,75,45,#6890F0,NA,NA,water1,water2
225,delibird,225,0.9,16,116,ice,flying,45,55,45,65,45,75,#98D8D8,#A890F0,#9BC6DD,water1,ground
226,mantine,226,2.1,220,170,water,flying,85,40,70,80,140,70,#6890F0,#A890F0,#7790F0,water1,NA
227,skarmory,227,1.7,50.5,163,steel,flying,65,80,140,40,70,70,#B8B8D0,#A890F0,#B4AED7,flying,NA
228,houndour,228,0.6,10.8,66,dark,fire,45,60,30,80,50,65,#705848,#F08030,#8F6142,ground,NA
229,houndoom,229,1.4,35,175,dark,fire,75,90,50,110,80,95,#705848,#F08030,#8F6142,ground,NA
230,kingdra,230,1.8,152,243,water,dragon,75,95,95,95,95,85,#6890F0,#7038F8,#697AF1,water1,dragon
231,phanpy,231,0.5,33.5,66,ground,NA,90,60,60,40,40,40,#E0C068,NA,NA,ground,NA
232,donphan,232,1.1,120,175,ground,NA,90,120,120,60,60,50,#E0C068,NA,NA,ground,NA
233,porygon2,233,0.6,32.5,180,normal,NA,85,80,90,105,95,60,#A8A878,NA,NA,mineral,NA
234,stantler,234,1.4,71.2,163,normal,NA,73,95,62,85,65,85,#A8A878,NA,NA,ground,NA
235,smeargle,235,1.2,58,88,normal,NA,55,20,35,20,45,75,#A8A878,NA,NA,ground,NA
236,tyrogue,236,0.7,21,42,fighting,NA,35,35,35,35,35,35,#C03028,NA,NA,no-eggs,NA
237,hitmontop,237,1.4,48,159,fighting,NA,50,95,95,35,110,70,#C03028,NA,NA,humanshape,NA
238,smoochum,238,0.4,6,61,ice,psychic,45,30,15,85,65,65,#98D8D8,#F85888,#AFB8C4,no-eggs,NA
239,elekid,239,0.6,23.5,72,electric,NA,45,63,37,65,55,95,#F8D030,NA,NA,no-eggs,NA
240,magby,240,0.7,21.4,73,fire,NA,45,75,37,70,55,83,#F08030,NA,NA,no-eggs,NA
241,miltank,241,1.2,75.5,172,normal,NA,95,80,105,40,70,100,#A8A878,NA,NA,ground,NA
242,blissey,242,1.5,46.8,608,normal,NA,255,10,10,75,135,55,#A8A878,NA,NA,fairy,NA
243,raikou,243,1.9,178,261,electric,NA,90,85,75,115,100,115,#F8D030,NA,NA,no-eggs,NA
244,entei,244,2.1,198,261,fire,NA,115,115,85,90,75,100,#F08030,NA,NA,no-eggs,NA
245,suicune,245,2,187,261,water,NA,100,75,115,90,115,85,#6890F0,NA,NA,no-eggs,NA
246,larvitar,246,0.6,72,60,rock,ground,50,64,50,45,50,41,#B8A038,#E0C068,#C1A743,monster,NA
247,pupitar,247,1.2,152,144,rock,ground,70,84,70,65,70,51,#B8A038,#E0C068,#C1A743,monster,NA
248,tyranitar,248,2,202,270,rock,dark,100,134,110,95,100,61,#B8A038,#705848,#A68E3B,monster,NA
249,lugia,249,5.2,216,306,psychic,flying,106,90,130,90,154,110,#F85888,#A890F0,#E465A1,no-eggs,NA
250,ho-oh,250,3.8,199,306,fire,flying,106,130,90,110,154,90,#F08030,#A890F0,#DE835E,no-eggs,NA
251,celebi,251,0.6,5,270,psychic,grass,100,100,100,100,100,100,#F85888,#78C850,#D8737A,no-eggs,NA
252,treecko,252,0.5,5,62,grass,NA,40,45,35,65,55,70,#78C850,NA,NA,monster,dragon
253,grovyle,253,0.9,21.6,142,grass,NA,50,65,45,85,65,95,#78C850,NA,NA,monster,dragon
254,sceptile,254,1.7,52.2,239,grass,NA,70,85,65,105,85,120,#78C850,NA,NA,monster,dragon
255,torchic,255,0.4,2.5,62,fire,NA,45,60,40,70,50,45,#F08030,NA,NA,ground,NA
256,combusken,256,0.9,19.5,142,fire,fighting,60,85,60,85,60,55,#F08030,#C03028,#E46C2E,ground,NA
257,blaziken,257,1.9,52,239,fire,fighting,80,120,70,110,70,80,#F08030,#C03028,#E46C2E,ground,NA
258,mudkip,258,0.4,7.6,62,water,NA,50,70,50,50,50,40,#6890F0,NA,NA,monster,water1
259,marshtomp,259,0.7,28,142,water,ground,70,85,70,60,70,50,#6890F0,#E0C068,#859BCF,monster,water1
260,swampert,260,1.5,81.9,241,water,ground,100,110,90,85,90,60,#6890F0,#E0C068,#859BCF,monster,water1
261,poochyena,261,0.5,13.6,56,dark,NA,35,55,35,30,30,35,#705848,NA,NA,ground,NA
262,mightyena,262,1,37,147,dark,NA,70,90,70,60,60,70,#705848,NA,NA,ground,NA
263,zigzagoon,263,0.4,17.5,56,normal,NA,38,30,41,30,41,60,#A8A878,NA,NA,ground,NA
264,linoone,264,0.5,32.5,147,normal,NA,78,70,61,50,61,100,#A8A878,NA,NA,ground,NA
265,wurmple,265,0.3,3.6,56,bug,NA,45,45,35,20,30,20,#A8B820,NA,NA,bug,NA
266,silcoon,266,0.6,10,72,bug,NA,50,35,55,25,25,15,#A8B820,NA,NA,bug,NA
267,beautifly,267,1,28.4,178,bug,flying,60,70,50,100,50,65,#A8B820,#A890F0,#A8AE52,bug,NA
268,cascoon,268,0.7,11.5,72,bug,NA,50,35,55,25,25,15,#A8B820,NA,NA,bug,NA
269,dustox,269,1.2,31.6,173,bug,poison,60,50,70,50,90,65,#A8B820,#A040A0,#A69A3F,bug,NA
270,lotad,270,0.5,2.6,44,water,grass,40,30,30,40,50,30,#6890F0,#78C850,#6B9DC9,water1,plant
271,lombre,271,1.2,32.5,119,water,grass,60,50,50,60,70,50,#6890F0,#78C850,#6B9DC9,water1,plant
272,ludicolo,272,1.5,55,216,water,grass,80,70,70,90,100,70,#6890F0,#78C850,#6B9DC9,water1,plant
273,seedot,273,0.5,4,44,grass,NA,40,40,50,30,30,30,#78C850,NA,NA,ground,plant
274,nuzleaf,274,1,28,119,grass,dark,70,70,40,60,40,60,#78C850,#705848,#76AC4E,ground,plant
275,shiftry,275,1.3,59.6,216,grass,dark,90,100,60,90,60,80,#78C850,#705848,#76AC4E,ground,plant
276,taillow,276,0.3,2.3,54,normal,flying,40,55,30,30,30,85,#A8A878,#A890F0,#A8A295,flying,NA
277,swellow,277,0.7,19.8,159,normal,flying,60,85,60,75,50,125,#A8A878,#A890F0,#A8A295,flying,NA
278,wingull,278,0.6,9.5,54,water,flying,40,30,30,55,30,85,#6890F0,#A890F0,#7790F0,water1,flying
279,pelipper,279,1.2,28,154,water,flying,60,50,100,95,70,65,#6890F0,#A890F0,#7790F0,water1,flying
280,ralts,280,0.4,6.6,40,psychic,fairy,28,25,25,45,35,40,#F85888,#EE99AC,#F56790,indeterminate,NA
281,kirlia,281,0.8,20.2,97,psychic,fairy,38,35,35,65,55,50,#F85888,#EE99AC,#F56790,indeterminate,NA
282,gardevoir,282,1.6,48.4,233,psychic,fairy,68,65,65,125,115,80,#F85888,#EE99AC,#F56790,indeterminate,NA
283,surskit,283,0.5,1.7,54,bug,water,40,30,32,50,52,65,#A8B820,#6890F0,#98AE52,water1,bug
284,masquerain,284,0.8,3.6,159,bug,flying,70,60,62,100,82,80,#A8B820,#A890F0,#A8AE52,water1,bug
285,shroomish,285,0.4,4.5,59,grass,NA,60,40,60,40,60,35,#78C850,NA,NA,fairy,plant
286,breloom,286,1.2,39.2,161,grass,fighting,60,130,80,60,60,70,#78C850,#C03028,#89A346,fairy,plant
287,slakoth,287,0.8,24,56,normal,NA,60,60,60,35,35,30,#A8A878,NA,NA,ground,NA
288,vigoroth,288,1.4,46.5,154,normal,NA,80,80,80,55,55,90,#A8A878,NA,NA,ground,NA
289,slaking,289,2,130.5,252,normal,NA,150,160,100,95,65,100,#A8A878,NA,NA,ground,NA
290,nincada,290,0.5,5.5,53,bug,ground,31,45,90,30,30,40,#A8B820,#E0C068,#B5B931,bug,NA
291,ninjask,291,0.8,12,160,bug,flying,61,90,45,50,50,160,#A8B820,#A890F0,#A8AE52,bug,NA
292,shedinja,292,0.8,1.2,83,bug,ghost,1,90,45,30,30,40,#A8B820,#705898,#9AA03D,mineral,NA
293,whismur,293,0.6,16.3,48,normal,NA,64,51,23,51,23,28,#A8A878,NA,NA,monster,ground
294,loudred,294,1,40.5,126,normal,NA,84,71,43,71,43,48,#A8A878,NA,NA,monster,ground
295,exploud,295,1.5,84,221,normal,NA,104,91,63,91,73,68,#A8A878,NA,NA,monster,ground
296,makuhita,296,1,86.4,47,fighting,NA,72,60,30,20,30,25,#C03028,NA,NA,humanshape,NA
297,hariyama,297,2.3,253.8,166,fighting,NA,144,120,60,40,60,50,#C03028,NA,NA,humanshape,NA
298,azurill,298,0.2,2,38,normal,fairy,50,20,40,20,40,20,#A8A878,#EE99AC,#B8A484,no-eggs,NA
299,nosepass,299,1,97,75,rock,NA,30,45,135,45,90,30,#B8A038,NA,NA,mineral,NA
300,skitty,300,0.6,11,52,normal,NA,50,45,45,35,35,50,#A8A878,NA,NA,ground,fairy
301,delcatty,301,1.1,32.6,140,normal,NA,70,65,65,55,55,90,#A8A878,NA,NA,ground,fairy
302,sableye,302,0.5,11,133,dark,ghost,50,75,75,65,65,50,#705848,#705898,#70585B,humanshape,NA
303,mawile,303,0.6,11.5,133,steel,fairy,50,85,85,55,55,50,#B8B8D0,#EE99AC,#C5B0C7,ground,fairy
304,aron,304,0.4,60,66,steel,rock,50,70,100,40,40,30,#B8B8D0,#B8A038,#B8B2AB,monster,NA
305,lairon,305,0.9,120,151,steel,rock,60,90,140,50,50,40,#B8B8D0,#B8A038,#B8B2AB,monster,NA
306,aggron,306,2.1,360,239,steel,rock,70,110,180,60,60,50,#B8B8D0,#B8A038,#B8B2AB,monster,NA
307,meditite,307,0.6,11.2,56,fighting,psychic,30,40,55,40,55,60,#C03028,#F85888,#CD393F,humanshape,NA
308,medicham,308,1.3,31.5,144,fighting,psychic,60,60,75,60,75,80,#C03028,#F85888,#CD393F,humanshape,NA
309,electrike,309,0.6,15.2,59,electric,NA,40,45,40,65,40,65,#F8D030,NA,NA,ground,NA
310,manectric,310,1.5,40.2,166,electric,NA,70,75,60,105,60,105,#F8D030,NA,NA,ground,NA
311,plusle,311,0.4,4.2,142,electric,NA,60,50,40,85,75,95,#F8D030,NA,NA,fairy,NA
312,minun,312,0.4,4.2,142,electric,NA,60,40,50,75,85,95,#F8D030,NA,NA,fairy,NA
313,volbeat,313,0.7,17.7,151,bug,NA,65,73,75,47,85,85,#A8B820,NA,NA,bug,humanshape
314,illumise,314,0.6,17.7,151,bug,NA,65,47,75,73,85,85,#A8B820,NA,NA,bug,humanshape
315,roselia,315,0.3,2,140,grass,poison,50,60,45,100,80,65,#78C850,#A040A0,#81A763,fairy,plant
316,gulpin,316,0.4,10.3,60,poison,NA,70,43,53,43,53,40,#A040A0,NA,NA,indeterminate,NA
317,swalot,317,1.7,80,163,poison,NA,100,73,83,73,83,55,#A040A0,NA,NA,indeterminate,NA
318,carvanha,318,0.8,20.8,61,water,dark,45,90,20,65,20,65,#6890F0,#705848,#6982C7,water2,NA
319,sharpedo,319,1.8,88.8,161,water,dark,70,120,40,95,40,95,#6890F0,#705848,#6982C7,water2,NA
320,wailmer,320,2,130,80,water,NA,130,70,35,70,35,60,#6890F0,NA,NA,ground,water2
321,wailord,321,14.5,398,175,water,NA,170,90,45,90,45,60,#6890F0,NA,NA,ground,water2
322,numel,322,0.7,24,61,fire,ground,60,60,40,65,45,35,#F08030,#E0C068,#EC8F3D,ground,NA
323,camerupt,323,1.9,220,161,fire,ground,70,100,70,105,75,40,#F08030,#E0C068,#EC8F3D,ground,NA
324,torkoal,324,0.5,80.4,165,fire,NA,70,85,140,85,70,20,#F08030,NA,NA,ground,NA
325,spoink,325,0.7,30.6,66,psychic,NA,60,25,35,70,80,60,#F85888,NA,NA,ground,NA
326,grumpig,326,0.9,71.5,165,psychic,NA,80,45,65,90,110,80,#F85888,NA,NA,ground,NA
327,spinda,327,1.1,5,126,normal,NA,60,60,60,60,60,60,#A8A878,NA,NA,ground,humanshape
328,trapinch,328,0.7,15,58,ground,NA,45,100,45,45,45,10,#E0C068,NA,NA,bug,NA
329,vibrava,329,1.1,15.3,119,ground,dragon,50,70,50,50,50,70,#E0C068,#7038F8,#C49F8A,bug,NA
330,flygon,330,2,82,234,ground,dragon,80,100,80,80,80,100,#E0C068,#7038F8,#C49F8A,bug,NA
331,cacnea,331,0.4,51.3,67,grass,NA,50,85,40,85,40,35,#78C850,NA,NA,plant,humanshape
332,cacturne,332,1.3,77.4,166,grass,dark,70,115,60,115,60,55,#78C850,#705848,#76AC4E,plant,humanshape
333,swablu,333,0.4,1.2,62,normal,flying,45,40,60,40,75,50,#A8A878,#A890F0,#A8A295,flying,dragon
334,altaria,334,1.1,20.6,172,dragon,flying,75,70,90,70,105,80,#7038F8,#A890F0,#7D4DF6,flying,dragon
335,zangoose,335,1.3,40.3,160,normal,NA,73,115,60,60,60,90,#A8A878,NA,NA,ground,NA
336,seviper,336,2.7,52.5,160,poison,NA,73,100,60,100,60,65,#A040A0,NA,NA,ground,dragon
337,lunatone,337,1,168,161,rock,psychic,90,55,65,95,85,70,#B8A038,#F85888,#C78E4B,mineral,NA
338,solrock,338,1.2,154,161,rock,psychic,90,95,85,55,65,70,#B8A038,#F85888,#C78E4B,mineral,NA
339,barboach,339,0.4,1.9,58,water,ground,50,48,43,46,41,60,#6890F0,#E0C068,#859BCF,water2,NA
340,whiscash,340,0.9,23.6,164,water,ground,110,78,73,76,71,60,#6890F0,#E0C068,#859BCF,water2,NA
341,corphish,341,0.6,11.5,62,water,NA,43,80,65,50,35,35,#6890F0,NA,NA,water1,water3
342,crawdaunt,342,1.1,32.8,164,water,dark,63,120,85,90,55,55,#6890F0,#705848,#6982C7,water1,water3
343,baltoy,343,0.5,21.5,60,ground,psychic,40,40,55,40,70,55,#E0C068,#F85888,#E5A66F,mineral,NA
344,claydol,344,1.5,108,175,ground,psychic,60,70,105,70,120,75,#E0C068,#F85888,#E5A66F,mineral,NA
345,lileep,345,1,23.8,71,rock,grass,66,41,77,61,87,23,#B8A038,#78C850,#A8A93D,water3,NA
346,cradily,346,1.5,60.4,173,rock,grass,86,81,97,81,107,43,#B8A038,#78C850,#A8A93D,water3,NA
347,anorith,347,0.7,12.5,71,rock,bug,45,95,50,40,50,75,#B8A038,#A8B820,#B4A532,water3,NA
348,armaldo,348,1.5,68.2,173,rock,bug,75,125,100,70,80,45,#B8A038,#A8B820,#B4A532,water3,NA
349,feebas,349,0.6,7.4,40,water,NA,20,15,20,10,55,80,#6890F0,NA,NA,water1,dragon
350,milotic,350,6.2,162,189,water,NA,95,60,79,100,125,81,#6890F0,NA,NA,water1,dragon
351,castform,351,0.3,0.8,147,normal,NA,70,70,70,70,70,70,#A8A878,NA,NA,fairy,indeterminate
352,kecleon,352,1,22,154,normal,NA,60,90,70,60,120,40,#A8A878,NA,NA,ground,NA
353,shuppet,353,0.6,2.3,59,ghost,NA,44,75,35,63,33,45,#705898,NA,NA,indeterminate,NA
354,banette,354,1.1,12.5,159,ghost,NA,64,115,65,83,63,65,#705898,NA,NA,indeterminate,NA
355,duskull,355,0.8,15,59,ghost,NA,20,40,90,30,90,25,#705898,NA,NA,indeterminate,NA
356,dusclops,356,1.6,30.6,159,ghost,NA,40,70,130,60,130,25,#705898,NA,NA,indeterminate,NA
357,tropius,357,2,100,161,grass,flying,99,68,83,72,87,51,#78C850,#A890F0,#83BA76,monster,plant
358,chimecho,358,0.6,1,159,psychic,NA,75,50,80,95,90,65,#F85888,NA,NA,indeterminate,NA
359,absol,359,1.2,47,163,dark,NA,65,130,60,75,60,75,#705848,NA,NA,ground,NA
360,wynaut,360,0.6,14,52,psychic,NA,95,23,48,23,48,23,#F85888,NA,NA,no-eggs,NA
361,snorunt,361,0.7,16.8,60,ice,NA,50,50,50,50,50,50,#98D8D8,NA,NA,fairy,mineral
362,glalie,362,1.5,256.5,168,ice,NA,80,80,80,80,80,80,#98D8D8,NA,NA,fairy,mineral
363,spheal,363,0.8,39.5,58,ice,water,70,40,50,55,50,25,#98D8D8,#6890F0,#8CC6DD,water1,ground
364,sealeo,364,1.1,87.6,144,ice,water,90,60,70,75,70,45,#98D8D8,#6890F0,#8CC6DD,water1,ground
365,walrein,365,1.4,150.6,239,ice,water,110,80,90,95,90,65,#98D8D8,#6890F0,#8CC6DD,water1,ground
366,clamperl,366,0.4,52.5,69,water,NA,35,64,85,74,55,32,#6890F0,NA,NA,water1,NA
367,huntail,367,1.7,27,170,water,NA,55,104,105,94,75,52,#6890F0,NA,NA,water1,NA
368,gorebyss,368,1.8,22.6,170,water,NA,55,84,105,114,75,52,#6890F0,NA,NA,water1,NA
369,relicanth,369,1,23.4,170,water,rock,100,90,130,45,65,55,#6890F0,#B8A038,#7B93C3,water1,water2
370,luvdisc,370,0.6,8.7,116,water,NA,43,30,55,40,65,97,#6890F0,NA,NA,water2,NA
371,bagon,371,0.6,42.1,60,dragon,NA,45,75,60,40,30,50,#7038F8,NA,NA,dragon,NA
372,shelgon,372,1.1,110.5,147,dragon,NA,65,95,100,60,50,50,#7038F8,NA,NA,dragon,NA
373,salamence,373,1.5,102.6,270,dragon,flying,95,135,80,110,80,100,#7038F8,#A890F0,#7D4DF6,dragon,NA
374,beldum,374,0.6,95.2,60,steel,psychic,40,55,80,35,60,30,#B8B8D0,#F85888,#C7A0BE,mineral,NA
375,metang,375,1.2,202.5,147,steel,psychic,60,75,100,55,80,50,#B8B8D0,#F85888,#C7A0BE,mineral,NA
376,metagross,376,1.6,550,270,steel,psychic,80,135,130,95,90,70,#B8B8D0,#F85888,#C7A0BE,mineral,NA
377,regirock,377,1.7,230,261,rock,NA,80,100,200,50,100,50,#B8A038,NA,NA,no-eggs,NA
378,regice,378,1.8,175,261,ice,NA,80,50,100,100,200,50,#98D8D8,NA,NA,no-eggs,NA
379,registeel,379,1.9,205,261,steel,NA,80,75,150,75,150,50,#B8B8D0,NA,NA,no-eggs,NA
380,latias,380,1.4,40,270,dragon,psychic,80,80,90,110,130,110,#7038F8,#F85888,#903FDC,no-eggs,NA
381,latios,381,2,60,270,dragon,psychic,80,90,80,130,110,110,#7038F8,#F85888,#903FDC,no-eggs,NA
382,kyogre,382,4.5,352,302,water,NA,100,100,90,150,140,90,#6890F0,NA,NA,no-eggs,NA
383,groudon,383,3.5,950,302,ground,NA,100,150,140,100,90,90,#E0C068,NA,NA,no-eggs,NA
384,rayquaza,384,7,206.5,306,dragon,flying,105,150,90,150,90,95,#7038F8,#A890F0,#7D4DF6,no-eggs,NA
385,jirachi,385,0.3,1.1,270,steel,psychic,100,100,100,100,100,100,#B8B8D0,#F85888,#C7A0BE,no-eggs,NA
386,deoxys-normal,386,1.7,60.8,270,psychic,NA,50,150,50,150,50,150,#F85888,NA,NA,no-eggs,NA
387,turtwig,387,0.4,10.2,64,grass,NA,55,68,64,45,55,31,#78C850,NA,NA,monster,plant
388,grotle,388,1.1,97,142,grass,NA,75,89,85,55,65,36,#78C850,NA,NA,monster,plant
389,torterra,389,2.2,310,236,grass,ground,95,109,105,75,85,56,#78C850,#E0C068,#91C655,monster,plant
390,chimchar,390,0.5,6.2,62,fire,NA,44,58,44,58,44,61,#F08030,NA,NA,ground,humanshape
391,monferno,391,0.9,22,142,fire,fighting,64,78,52,78,52,81,#F08030,#C03028,#E46C2E,ground,humanshape
392,infernape,392,1.2,55,240,fire,fighting,76,104,71,104,71,108,#F08030,#C03028,#E46C2E,ground,humanshape
393,piplup,393,0.4,5.2,63,water,NA,53,51,53,61,56,40,#6890F0,NA,NA,water1,ground
394,prinplup,394,0.8,23,142,water,NA,64,66,68,81,76,50,#6890F0,NA,NA,water1,ground
395,empoleon,395,1.7,84.5,239,water,steel,84,86,88,111,101,60,#6890F0,#B8B8D0,#7B99E8,water1,ground
396,starly,396,0.3,2,49,normal,flying,40,55,30,30,30,60,#A8A878,#A890F0,#A8A295,flying,NA
397,staravia,397,0.6,15.5,119,normal,flying,55,75,50,40,40,80,#A8A878,#A890F0,#A8A295,flying,NA
398,staraptor,398,1.2,24.9,218,normal,flying,85,120,70,50,60,100,#A8A878,#A890F0,#A8A295,flying,NA
399,bidoof,399,0.5,20,50,normal,NA,59,45,40,35,40,31,#A8A878,NA,NA,water1,ground
400,bibarel,400,1,31.5,144,normal,water,79,85,60,55,60,71,#A8A878,#6890F0,#98A295,water1,ground
401,kricketot,401,0.3,2.2,39,bug,NA,37,25,41,25,41,25,#A8B820,NA,NA,bug,NA
402,kricketune,402,1,25.5,134,bug,NA,77,85,51,55,51,65,#A8B820,NA,NA,bug,NA
403,shinx,403,0.5,9.5,53,electric,NA,45,65,34,40,34,45,#F8D030,NA,NA,ground,NA
404,luxio,404,0.9,30.5,127,electric,NA,60,85,49,60,49,60,#F8D030,NA,NA,ground,NA
405,luxray,405,1.4,42,235,electric,NA,80,120,79,95,79,70,#F8D030,NA,NA,ground,NA
406,budew,406,0.2,1.2,56,grass,poison,40,30,35,50,70,55,#78C850,#A040A0,#81A763,no-eggs,NA
407,roserade,407,0.9,14.5,232,grass,poison,60,70,65,125,105,90,#78C850,#A040A0,#81A763,fairy,plant
408,cranidos,408,0.9,31.5,70,rock,NA,67,125,40,30,30,58,#B8A038,NA,NA,monster,NA
409,rampardos,409,1.6,102.5,173,rock,NA,97,165,60,65,50,58,#B8A038,NA,NA,monster,NA
410,shieldon,410,0.5,57,70,rock,steel,30,42,118,42,88,30,#B8A038,#B8B8D0,#B8A55C,monster,NA
411,bastiodon,411,1.3,149.5,173,rock,steel,60,52,168,47,138,30,#B8A038,#B8B8D0,#B8A55C,monster,NA
412,burmy,412,0.2,3.4,45,bug,NA,40,29,45,29,45,36,#A8B820,NA,NA,bug,NA
413,wormadam-plant,413,0.5,6.5,148,bug,grass,60,59,85,79,105,36,#A8B820,#78C850,#9CBB2B,bug,NA
414,mothim,414,0.9,23.3,148,bug,flying,70,94,50,94,50,66,#A8B820,#A890F0,#A8AE52,bug,NA
415,combee,415,0.3,5.5,49,bug,flying,30,30,42,30,42,70,#A8B820,#A890F0,#A8AE52,bug,NA
416,vespiquen,416,1.2,38.5,166,bug,flying,70,80,102,80,102,40,#A8B820,#A890F0,#A8AE52,bug,NA
417,pachirisu,417,0.4,3.9,142,electric,NA,60,45,70,45,90,95,#F8D030,NA,NA,ground,fairy
418,buizel,418,0.7,29.5,66,water,NA,55,65,35,60,30,85,#6890F0,NA,NA,water1,ground
419,floatzel,419,1.1,33.5,173,water,NA,85,105,55,85,50,115,#6890F0,NA,NA,water1,ground
420,cherubi,420,0.4,3.3,55,grass,NA,45,35,45,62,53,35,#78C850,NA,NA,fairy,plant
421,cherrim,421,0.5,9.3,158,grass,NA,70,60,70,87,78,85,#78C850,NA,NA,fairy,plant
422,shellos,422,0.3,6.3,65,water,NA,76,48,48,57,62,34,#6890F0,NA,NA,water1,indeterminate
423,gastrodon,423,0.9,29.9,166,water,ground,111,83,68,92,82,39,#6890F0,#E0C068,#859BCF,water1,indeterminate
424,ambipom,424,1.2,20.3,169,normal,NA,75,100,66,60,66,115,#A8A878,NA,NA,ground,NA
425,drifloon,425,0.4,1.2,70,ghost,flying,90,50,34,60,44,70,#705898,#A890F0,#7D65AD,indeterminate,NA
426,drifblim,426,1.2,15,174,ghost,flying,150,80,44,90,54,80,#705898,#A890F0,#7D65AD,indeterminate,NA
427,buneary,427,0.4,5.5,70,normal,NA,55,66,44,44,56,85,#A8A878,NA,NA,ground,humanshape
428,lopunny,428,1.2,33.3,168,normal,NA,65,76,84,54,96,105,#A8A878,NA,NA,ground,humanshape
429,mismagius,429,0.9,4.4,173,ghost,NA,60,60,60,105,105,105,#705898,NA,NA,indeterminate,NA
430,honchkrow,430,0.9,27.3,177,dark,flying,100,125,52,105,52,71,#705848,#A890F0,#7D6570,flying,NA
431,glameow,431,0.5,3.9,62,normal,NA,49,55,42,42,37,85,#A8A878,NA,NA,ground,NA
432,purugly,432,1,43.8,158,normal,NA,71,82,64,64,59,112,#A8A878,NA,NA,ground,NA
433,chingling,433,0.2,0.6,57,psychic,NA,45,30,50,65,50,45,#F85888,NA,NA,no-eggs,NA
434,stunky,434,0.4,19.2,66,poison,dark,63,63,47,41,41,74,#A040A0,#705848,#94458A,ground,NA
435,skuntank,435,1,38,168,poison,dark,103,93,67,71,61,84,#A040A0,#705848,#94458A,ground,NA
436,bronzor,436,0.5,60.5,60,steel,psychic,57,24,86,24,86,23,#B8B8D0,#F85888,#C7A0BE,mineral,NA
437,bronzong,437,1.3,187,175,steel,psychic,67,89,116,79,116,33,#B8B8D0,#F85888,#C7A0BE,mineral,NA
438,bonsly,438,0.5,15,58,rock,NA,50,80,95,10,45,10,#B8A038,NA,NA,no-eggs,NA
439,mime-jr,439,0.6,13,62,psychic,fairy,20,25,45,70,90,60,#F85888,#EE99AC,#F56790,no-eggs,NA
440,happiny,440,0.6,24.4,110,normal,NA,100,5,5,15,65,30,#A8A878,NA,NA,no-eggs,NA
441,chatot,441,0.5,1.9,144,normal,flying,76,65,45,92,42,91,#A8A878,#A890F0,#A8A295,flying,NA
442,spiritomb,442,1,108,170,ghost,dark,50,92,108,92,108,35,#705898,#705848,#705884,indeterminate,NA
443,gible,443,0.7,20.5,60,dragon,ground,58,70,45,40,45,42,#7038F8,#E0C068,#8B58D5,monster,dragon
444,gabite,444,1.4,56,144,dragon,ground,68,90,65,50,55,82,#7038F8,#E0C068,#8B58D5,monster,dragon
445,garchomp,445,1.9,95,270,dragon,ground,108,130,95,80,85,102,#7038F8,#E0C068,#8B58D5,monster,dragon
446,munchlax,446,0.6,105,78,normal,NA,135,85,40,40,85,5,#A8A878,NA,NA,no-eggs,NA
447,riolu,447,0.7,20.2,57,fighting,NA,40,70,40,35,40,60,#C03028,NA,NA,no-eggs,NA
448,lucario,448,1.2,54,184,fighting,steel,70,110,70,115,70,90,#C03028,#B8B8D0,#BE5050,ground,humanshape
449,hippopotas,449,0.8,49.5,66,ground,NA,68,72,78,38,42,32,#E0C068,NA,NA,ground,NA
450,hippowdon,450,2,300,184,ground,NA,108,112,118,68,72,47,#E0C068,NA,NA,ground,NA
451,skorupi,451,0.8,12,66,poison,bug,40,50,90,30,55,65,#A040A0,#A8B820,#A15D80,bug,water3
452,drapion,452,1.3,61.5,175,poison,dark,70,90,110,60,75,95,#A040A0,#705848,#94458A,bug,water3
453,croagunk,453,0.7,23,60,poison,fighting,48,61,40,61,40,50,#A040A0,#C03028,#A73C82,humanshape,NA
454,toxicroak,454,1.3,44.4,172,poison,fighting,83,106,65,86,65,85,#A040A0,#C03028,#A73C82,humanshape,NA
455,carnivine,455,1.4,27,159,grass,NA,74,100,72,90,72,46,#78C850,NA,NA,plant,NA
456,finneon,456,0.4,7,66,water,NA,49,49,56,49,61,66,#6890F0,NA,NA,water2,NA
457,lumineon,457,1.2,24,161,water,NA,69,69,76,69,86,91,#6890F0,NA,NA,water2,NA
458,mantyke,458,1,65,69,water,flying,45,20,50,60,120,50,#6890F0,#A890F0,#7790F0,no-eggs,NA
459,snover,459,1,50.5,67,grass,ice,60,62,50,62,60,40,#78C850,#98D8D8,#7FCB70,monster,plant
460,abomasnow,460,2.2,135.5,173,grass,ice,90,92,75,92,85,60,#78C850,#98D8D8,#7FCB70,monster,plant
461,weavile,461,1.1,34,179,dark,ice,70,120,65,45,85,125,#705848,#98D8D8,#79776A,ground,NA
462,magnezone,462,1.2,180,241,electric,steel,70,70,115,130,90,60,#F8D030,#B8B8D0,#E8CA56,mineral,NA
463,lickilicky,463,1.7,140,180,normal,NA,110,85,95,80,95,50,#A8A878,NA,NA,monster,NA
464,rhyperior,464,2.4,282.8,241,ground,rock,115,140,130,55,55,40,#E0C068,#B8A038,#D6B85C,monster,ground
465,tangrowth,465,2,128.6,187,grass,NA,100,100,125,110,50,50,#78C850,NA,NA,plant,NA
466,electivire,466,1.8,138.6,243,electric,NA,75,123,67,95,85,95,#F8D030,NA,NA,humanshape,NA
467,magmortar,467,1.6,68,243,fire,NA,75,95,67,125,95,83,#F08030,NA,NA,humanshape,NA
468,togekiss,468,1.5,38,245,fairy,flying,85,50,95,120,115,80,#EE99AC,#A890F0,#DD96BC,flying,fairy
469,yanmega,469,1.9,51.5,180,bug,flying,86,76,86,116,56,95,#A8B820,#A890F0,#A8AE52,bug,NA
470,leafeon,470,1,25.5,184,grass,NA,65,110,130,60,65,95,#78C850,NA,NA,ground,NA
471,glaceon,471,0.8,25.9,184,ice,NA,65,60,110,130,95,65,#98D8D8,NA,NA,ground,NA
472,gliscor,472,2,42.5,179,ground,flying,75,95,125,45,75,95,#E0C068,#A890F0,#D2B488,bug,NA
473,mamoswine,473,2.5,291,239,ice,ground,110,130,80,70,60,80,#98D8D8,#E0C068,#A9D2BC,ground,NA
474,porygon-z,474,0.9,34,241,normal,NA,85,80,70,135,75,90,#A8A878,NA,NA,mineral,NA
475,gallade,475,1.6,52,233,psychic,fighting,68,125,65,65,115,80,#F85888,#C03028,#EA4E70,indeterminate,NA
476,probopass,476,1.4,340,184,rock,steel,60,55,145,75,150,40,#B8A038,#B8B8D0,#B8A55C,mineral,NA
477,dusknoir,477,2.2,106.6,236,ghost,NA,45,100,135,65,135,45,#705898,NA,NA,indeterminate,NA
478,froslass,478,1.3,26.6,168,ice,ghost,70,80,70,80,70,110,#98D8D8,#705898,#8EB8C8,fairy,mineral
479,rotom,479,0.3,0.3,154,electric,ghost,50,50,77,95,77,91,#F8D030,#705898,#D7B249,indeterminate,NA
480,uxie,480,0.3,0.3,261,psychic,NA,75,75,130,75,130,95,#F85888,NA,NA,no-eggs,NA
481,mesprit,481,0.3,0.3,261,psychic,NA,80,105,105,105,105,80,#F85888,NA,NA,no-eggs,NA
482,azelf,482,0.3,0.3,261,psychic,NA,75,125,70,125,70,115,#F85888,NA,NA,no-eggs,NA
483,dialga,483,5.4,683,306,steel,dragon,100,120,120,150,100,90,#B8B8D0,#7038F8,#A698D9,no-eggs,NA
484,palkia,484,4.2,336,306,water,dragon,90,120,100,150,120,100,#6890F0,#7038F8,#697AF1,no-eggs,NA
485,heatran,485,1.7,430,270,fire,steel,91,90,106,130,106,77,#F08030,#B8B8D0,#E28D56,no-eggs,NA
486,regigigas,486,3.7,420,302,normal,NA,110,160,110,80,110,100,#A8A878,NA,NA,no-eggs,NA
487,giratina-altered,487,4.5,750,306,ghost,dragon,150,100,120,100,120,90,#705898,#7038F8,#7050AF,no-eggs,NA
488,cresselia,488,1.5,85.6,270,psychic,NA,120,70,120,75,130,85,#F85888,NA,NA,no-eggs,NA
489,phione,489,0.4,3.1,216,water,NA,80,80,80,80,80,80,#6890F0,NA,NA,water1,fairy
490,manaphy,490,0.3,1.4,270,water,NA,100,100,100,100,100,100,#6890F0,NA,NA,water1,fairy
491,darkrai,491,1.5,50.5,270,dark,NA,70,90,90,135,90,125,#705848,NA,NA,no-eggs,NA
492,shaymin-land,492,0.2,2.1,270,grass,NA,100,100,100,100,100,100,#78C850,NA,NA,no-eggs,NA
493,arceus,493,3.2,320,324,normal,NA,120,120,120,120,120,120,#A8A878,NA,NA,no-eggs,NA
494,victini,494,0.4,4,270,psychic,fire,100,100,100,100,100,100,#F85888,#F08030,#F66172,no-eggs,NA
495,snivy,495,0.6,8.1,62,grass,NA,45,45,55,45,55,63,#78C850,NA,NA,ground,plant
496,servine,496,0.8,16,145,grass,NA,60,60,75,60,75,83,#78C850,NA,NA,ground,plant
497,serperior,497,3.3,63,238,grass,NA,75,75,95,75,95,113,#78C850,NA,NA,ground,plant
498,tepig,498,0.5,9.9,62,fire,NA,65,63,45,45,45,45,#F08030,NA,NA,ground,NA
499,pignite,499,1,55.5,146,fire,fighting,90,93,55,70,55,55,#F08030,#C03028,#E46C2E,ground,NA
500,emboar,500,1.6,150,238,fire,fighting,110,123,65,100,65,65,#F08030,#C03028,#E46C2E,ground,NA
501,oshawott,501,0.5,5.9,62,water,NA,55,55,45,63,45,45,#6890F0,NA,NA,ground,NA
502,dewott,502,0.8,24.5,145,water,NA,75,75,60,83,60,60,#6890F0,NA,NA,ground,NA
503,samurott,503,1.5,94.6,238,water,NA,95,100,85,108,70,70,#6890F0,NA,NA,ground,NA
504,patrat,504,0.5,11.6,51,normal,NA,45,55,39,35,39,42,#A8A878,NA,NA,ground,NA
505,watchog,505,1.1,27,147,normal,NA,60,85,69,60,69,77,#A8A878,NA,NA,ground,NA
506,lillipup,506,0.4,4.1,55,normal,NA,45,60,45,25,45,55,#A8A878,NA,NA,ground,NA
507,herdier,507,0.9,14.7,130,normal,NA,65,80,65,35,65,60,#A8A878,NA,NA,ground,NA
508,stoutland,508,1.2,61,225,normal,NA,85,110,90,45,90,80,#A8A878,NA,NA,ground,NA
509,purrloin,509,0.4,10.1,56,dark,NA,41,50,37,50,37,66,#705848,NA,NA,ground,NA
510,liepard,510,1.1,37.5,156,dark,NA,64,88,50,88,50,106,#705848,NA,NA,ground,NA
511,pansage,511,0.6,10.5,63,grass,NA,50,53,48,53,48,64,#78C850,NA,NA,ground,NA
512,simisage,512,1.1,30.5,174,grass,NA,75,98,63,98,63,101,#78C850,NA,NA,ground,NA
513,pansear,513,0.6,11,63,fire,NA,50,53,48,53,48,64,#F08030,NA,NA,ground,NA
514,simisear,514,1,28,174,fire,NA,75,98,63,98,63,101,#F08030,NA,NA,ground,NA
515,panpour,515,0.6,13.5,63,water,NA,50,53,48,53,48,64,#6890F0,NA,NA,ground,NA
516,simipour,516,1,29,174,water,NA,75,98,63,98,63,101,#6890F0,NA,NA,ground,NA
517,munna,517,0.6,23.3,58,psychic,NA,76,25,45,67,55,24,#F85888,NA,NA,ground,NA
518,musharna,518,1.1,60.5,170,psychic,NA,116,55,85,107,95,29,#F85888,NA,NA,ground,NA
519,pidove,519,0.3,2.1,53,normal,flying,50,55,50,36,30,43,#A8A878,#A890F0,#A8A295,flying,NA
520,tranquill,520,0.6,15,125,normal,flying,62,77,62,50,42,65,#A8A878,#A890F0,#A8A295,flying,NA
521,unfezant,521,1.2,29,220,normal,flying,80,115,80,65,55,93,#A8A878,#A890F0,#A8A295,flying,NA
522,blitzle,522,0.8,29.8,59,electric,NA,45,60,32,50,32,76,#F8D030,NA,NA,ground,NA
523,zebstrika,523,1.6,79.5,174,electric,NA,75,100,63,80,63,116,#F8D030,NA,NA,ground,NA
524,roggenrola,524,0.4,18,56,rock,NA,55,75,85,25,25,15,#B8A038,NA,NA,mineral,NA
525,boldore,525,0.9,102,137,rock,NA,70,105,105,50,40,20,#B8A038,NA,NA,mineral,NA
526,gigalith,526,1.7,260,232,rock,NA,85,135,130,60,80,25,#B8A038,NA,NA,mineral,NA
527,woobat,527,0.4,2.1,65,psychic,flying,65,45,43,55,43,72,#F85888,#A890F0,#E465A1,flying,ground
528,swoobat,528,0.9,10.5,149,psychic,flying,67,57,55,77,55,114,#F85888,#A890F0,#E465A1,flying,ground
529,drilbur,529,0.3,8.5,66,ground,NA,60,85,40,30,45,68,#E0C068,NA,NA,ground,NA
530,excadrill,530,0.7,40.4,178,ground,steel,110,135,60,50,65,88,#E0C068,#B8B8D0,#D6BE81,ground,NA
531,audino,531,1.1,31,390,normal,NA,103,60,86,60,86,50,#A8A878,NA,NA,fairy,NA
532,timburr,532,0.6,12.5,61,fighting,NA,75,80,55,25,35,35,#C03028,NA,NA,humanshape,NA
533,gurdurr,533,1.2,40,142,fighting,NA,85,105,85,40,50,40,#C03028,NA,NA,humanshape,NA
534,conkeldurr,534,1.4,87,227,fighting,NA,105,140,95,55,65,45,#C03028,NA,NA,humanshape,NA
535,tympole,535,0.5,4.5,59,water,NA,50,50,40,50,40,64,#6890F0,NA,NA,water1,NA
536,palpitoad,536,0.8,17,134,water,ground,75,65,55,65,55,69,#6890F0,#E0C068,#859BCF,water1,NA
537,seismitoad,537,1.5,62,229,water,ground,105,95,75,85,75,74,#6890F0,#E0C068,#859BCF,water1,NA
538,throh,538,1.3,55.5,163,fighting,NA,120,100,85,30,85,45,#C03028,NA,NA,humanshape,NA
539,sawk,539,1.4,51,163,fighting,NA,75,125,75,30,75,85,#C03028,NA,NA,humanshape,NA
540,sewaddle,540,0.3,2.5,62,bug,grass,45,53,70,40,60,42,#A8B820,#78C850,#9CBB2B,bug,NA
541,swadloon,541,0.5,7.3,133,bug,grass,55,63,90,50,80,42,#A8B820,#78C850,#9CBB2B,bug,NA
542,leavanny,542,1.2,20.5,225,bug,grass,75,103,80,70,80,92,#A8B820,#78C850,#9CBB2B,bug,NA
543,venipede,543,0.4,5.3,52,bug,poison,30,45,59,30,39,57,#A8B820,#A040A0,#A69A3F,bug,NA
544,whirlipede,544,1.2,58.5,126,bug,poison,40,55,99,40,79,47,#A8B820,#A040A0,#A69A3F,bug,NA
545,scolipede,545,2.5,200.5,218,bug,poison,60,100,89,55,69,112,#A8B820,#A040A0,#A69A3F,bug,NA
546,cottonee,546,0.3,0.6,56,grass,fairy,40,27,60,37,50,66,#78C850,#EE99AC,#94BC66,fairy,plant
547,whimsicott,547,0.7,6.6,168,grass,fairy,60,67,85,77,75,116,#78C850,#EE99AC,#94BC66,fairy,plant
548,petilil,548,0.5,6.6,56,grass,NA,45,35,50,70,50,30,#78C850,NA,NA,plant,NA
549,lilligant,549,1.1,16.3,168,grass,NA,70,60,75,110,75,90,#78C850,NA,NA,plant,NA
550,basculin-red-striped,550,1,18,161,water,NA,70,92,65,80,55,98,#6890F0,NA,NA,water2,NA
551,sandile,551,0.7,15.2,58,ground,dark,50,72,35,35,35,65,#E0C068,#705848,#C4A660,ground,NA
552,krokorok,552,1,33.4,123,ground,dark,60,82,45,45,45,74,#E0C068,#705848,#C4A660,ground,NA
553,krookodile,553,1.5,96.3,234,ground,dark,95,117,80,65,70,92,#E0C068,#705848,#C4A660,ground,NA
554,darumaka,554,0.6,37.5,63,fire,NA,70,90,45,15,45,50,#F08030,NA,NA,ground,NA
555,darmanitan-standard,555,1.3,92.9,168,fire,NA,105,140,55,30,55,95,#F08030,NA,NA,ground,NA
556,maractus,556,1,28,161,grass,NA,75,86,67,106,67,60,#78C850,NA,NA,plant,NA
557,dwebble,557,0.3,14.5,65,bug,rock,50,65,85,35,35,55,#A8B820,#B8A038,#ABB225,bug,mineral
558,crustle,558,1.4,200,170,bug,rock,70,105,125,65,75,45,#A8B820,#B8A038,#ABB225,bug,mineral
559,scraggy,559,0.6,11.8,70,dark,fighting,50,75,70,35,70,48,#705848,#C03028,#834E40,ground,dragon
560,scrafty,560,1.1,30,171,dark,fighting,65,90,115,45,115,58,#705848,#C03028,#834E40,ground,dragon
561,sigilyph,561,1.4,14,172,psychic,flying,72,58,80,103,80,97,#F85888,#A890F0,#E465A1,flying,NA
562,yamask,562,0.5,1.5,61,ghost,NA,38,30,85,55,65,30,#705898,NA,NA,mineral,indeterminate
563,cofagrigus,563,1.7,76.5,169,ghost,NA,58,50,145,95,105,30,#705898,NA,NA,mineral,indeterminate
564,tirtouga,564,0.7,16.5,71,water,rock,54,78,103,53,45,22,#6890F0,#B8A038,#7B93C3,water1,water3
565,carracosta,565,1.2,81,173,water,rock,74,108,133,83,65,32,#6890F0,#B8A038,#7B93C3,water1,water3
566,archen,566,0.5,9.5,71,rock,flying,55,112,45,74,45,70,#B8A038,#A890F0,#B49C64,flying,water3
567,archeops,567,1.4,32,177,rock,flying,75,140,65,112,65,110,#B8A038,#A890F0,#B49C64,flying,water3
568,trubbish,568,0.6,31,66,poison,NA,50,50,62,40,62,65,#A040A0,NA,NA,mineral,NA
569,garbodor,569,1.9,107.3,166,poison,NA,80,95,82,60,82,75,#A040A0,NA,NA,mineral,NA
570,zorua,570,0.7,12.5,66,dark,NA,40,65,40,80,40,65,#705848,NA,NA,ground,NA
571,zoroark,571,1.6,81.1,179,dark,NA,60,105,60,120,60,105,#705848,NA,NA,ground,NA
572,minccino,572,0.4,5.8,60,normal,NA,55,50,40,40,40,75,#A8A878,NA,NA,ground,NA
573,cinccino,573,0.5,7.5,165,normal,NA,75,95,60,65,60,115,#A8A878,NA,NA,ground,NA
574,gothita,574,0.4,5.8,58,psychic,NA,45,30,50,55,65,45,#F85888,NA,NA,humanshape,NA
575,gothorita,575,0.7,18,137,psychic,NA,60,45,70,75,85,55,#F85888,NA,NA,humanshape,NA
576,gothitelle,576,1.5,44,221,psychic,NA,70,55,95,95,110,65,#F85888,NA,NA,humanshape,NA
577,solosis,577,0.3,1,58,psychic,NA,45,30,40,105,50,20,#F85888,NA,NA,indeterminate,NA
578,duosion,578,0.6,8,130,psychic,NA,65,40,50,125,60,30,#F85888,NA,NA,indeterminate,NA
579,reuniclus,579,1,20.1,221,psychic,NA,110,65,75,125,85,30,#F85888,NA,NA,indeterminate,NA
580,ducklett,580,0.5,5.5,61,water,flying,62,44,50,44,50,55,#6890F0,#A890F0,#7790F0,water1,flying
581,swanna,581,1.3,24.2,166,water,flying,75,87,63,87,63,98,#6890F0,#A890F0,#7790F0,water1,flying
582,vanillite,582,0.4,5.7,61,ice,NA,36,50,50,65,60,44,#98D8D8,NA,NA,mineral,NA
583,vanillish,583,1.1,41,138,ice,NA,51,65,65,80,75,59,#98D8D8,NA,NA,mineral,NA
584,vanilluxe,584,1.3,57.5,241,ice,NA,71,95,85,110,95,79,#98D8D8,NA,NA,mineral,NA
585,deerling,585,0.6,19.5,67,normal,grass,60,60,50,40,50,75,#A8A878,#78C850,#9CAF6E,ground,NA
586,sawsbuck,586,1.9,92.5,166,normal,grass,80,100,70,60,70,95,#A8A878,#78C850,#9CAF6E,ground,NA
587,emolga,587,0.4,5,150,electric,flying,55,75,60,75,60,103,#F8D030,#A890F0,#E4C05E,ground,NA
588,karrablast,588,0.5,5.9,63,bug,NA,50,75,45,40,45,60,#A8B820,NA,NA,bug,NA
589,escavalier,589,1,33,173,bug,steel,70,135,105,60,105,20,#A8B820,#B8B8D0,#ABB84A,bug,NA
590,foongus,590,0.2,1,59,grass,poison,69,55,45,55,55,15,#78C850,#A040A0,#81A763,plant,NA
591,amoonguss,591,0.6,10.5,162,grass,poison,114,85,70,85,80,30,#78C850,#A040A0,#81A763,plant,NA
592,frillish,592,1.2,33,67,water,ghost,55,40,50,65,85,40,#6890F0,#705898,#6982DA,indeterminate,NA
593,jellicent,593,2.2,135,168,water,ghost,100,60,70,85,105,60,#6890F0,#705898,#6982DA,indeterminate,NA
594,alomomola,594,1.2,31.6,165,water,NA,165,75,80,40,45,65,#6890F0,NA,NA,water1,water2
595,joltik,595,0.1,0.6,64,bug,electric,50,47,50,57,50,65,#A8B820,#F8D030,#BBBD23,bug,NA
596,galvantula,596,0.8,14.3,165,bug,electric,70,77,60,97,60,108,#A8B820,#F8D030,#BBBD23,bug,NA
597,ferroseed,597,0.6,18.8,61,grass,steel,44,50,91,24,86,10,#78C850,#B8B8D0,#87C46F,plant,mineral
598,ferrothorn,598,1,110,171,grass,steel,74,94,131,54,116,20,#78C850,#B8B8D0,#87C46F,plant,mineral
599,klink,599,0.3,21,60,steel,NA,40,55,70,45,60,30,#B8B8D0,NA,NA,mineral,NA
600,klang,600,0.6,51,154,steel,NA,60,80,95,70,85,50,#B8B8D0,NA,NA,mineral,NA
601,klinklang,601,0.6,81,234,steel,NA,60,100,115,70,85,90,#B8B8D0,NA,NA,mineral,NA
602,tynamo,602,0.2,0.3,55,electric,NA,35,55,40,45,40,60,#F8D030,NA,NA,indeterminate,NA
603,eelektrik,603,1.2,22,142,electric,NA,65,85,70,75,70,40,#F8D030,NA,NA,indeterminate,NA
604,eelektross,604,2.1,80.5,232,electric,NA,85,115,80,105,80,50,#F8D030,NA,NA,indeterminate,NA
605,elgyem,605,0.5,9,67,psychic,NA,55,55,55,85,55,30,#F85888,NA,NA,humanshape,NA
606,beheeyem,606,1,34.5,170,psychic,NA,75,75,75,125,95,40,#F85888,NA,NA,humanshape,NA
607,litwick,607,0.3,3.1,55,ghost,fire,50,30,55,65,55,20,#705898,#F08030,#8F617E,indeterminate,NA
608,lampent,608,0.6,13,130,ghost,fire,60,40,60,95,60,55,#705898,#F08030,#8F617E,indeterminate,NA
609,chandelure,609,1,34.3,234,ghost,fire,60,55,90,145,90,80,#705898,#F08030,#8F617E,indeterminate,NA
610,axew,610,0.6,18,64,dragon,NA,46,87,60,30,40,57,#7038F8,NA,NA,monster,dragon
611,fraxure,611,1,36,144,dragon,NA,66,117,70,40,50,67,#7038F8,NA,NA,monster,dragon
612,haxorus,612,1.8,105.5,243,dragon,NA,76,147,90,60,70,97,#7038F8,NA,NA,monster,dragon
613,cubchoo,613,0.5,8.5,61,ice,NA,55,70,40,60,40,40,#98D8D8,NA,NA,ground,NA
614,beartic,614,2.6,260,177,ice,NA,95,130,80,70,80,50,#98D8D8,NA,NA,ground,NA
615,cryogonal,615,1.1,148,180,ice,NA,80,50,50,95,135,105,#98D8D8,NA,NA,mineral,NA
616,shelmet,616,0.4,7.7,61,bug,NA,50,40,85,40,65,25,#A8B820,NA,NA,bug,NA
617,accelgor,617,0.8,25.3,173,bug,NA,80,70,40,100,60,145,#A8B820,NA,NA,bug,NA
618,stunfisk,618,0.7,11,165,ground,electric,109,66,84,81,99,32,#E0C068,#F8D030,#E5C35A,water1,indeterminate
619,mienfoo,619,0.9,20,70,fighting,NA,45,85,50,55,50,65,#C03028,NA,NA,ground,humanshape
620,mienshao,620,1.4,35.5,179,fighting,NA,65,125,60,95,60,105,#C03028,NA,NA,ground,humanshape
621,druddigon,621,1.6,139,170,dragon,NA,77,120,90,60,90,48,#7038F8,NA,NA,monster,dragon
622,golett,622,1,92,61,ground,ghost,59,74,50,35,50,35,#E0C068,#705898,#C4A673,mineral,NA
623,golurk,623,2.8,330,169,ground,ghost,89,124,80,55,80,55,#E0C068,#705898,#C4A673,mineral,NA
624,pawniard,624,0.5,10.2,68,dark,steel,45,85,70,40,40,60,#705848,#B8B8D0,#816F68,humanshape,NA
625,bisharp,625,1.6,70,172,dark,steel,65,125,100,60,70,70,#705848,#B8B8D0,#816F68,humanshape,NA
626,bouffalant,626,1.6,94.6,172,normal,NA,95,110,95,40,95,55,#A8A878,NA,NA,ground,NA
627,rufflet,627,0.5,10.5,70,normal,flying,70,83,50,37,50,60,#A8A878,#A890F0,#A8A295,flying,NA
628,braviary,628,1.5,41,179,normal,flying,100,123,75,57,75,80,#A8A878,#A890F0,#A8A295,flying,NA
629,vullaby,629,0.5,9,74,dark,flying,70,55,75,45,65,60,#705848,#A890F0,#7D6570,flying,NA
630,mandibuzz,630,1.2,39.5,179,dark,flying,110,65,105,55,95,80,#705848,#A890F0,#7D6570,flying,NA
631,heatmor,631,1.4,58,169,fire,NA,85,97,66,105,66,65,#F08030,NA,NA,ground,NA
632,durant,632,0.3,33,169,bug,steel,58,109,112,48,48,109,#A8B820,#B8B8D0,#ABB84A,bug,NA
633,deino,633,0.8,17.3,60,dark,dragon,52,65,50,45,50,38,#705848,#7038F8,#705072,dragon,NA
634,zweilous,634,1.4,50,147,dark,dragon,72,85,70,65,70,58,#705848,#7038F8,#705072,dragon,NA
635,hydreigon,635,1.8,160,270,dark,dragon,92,105,90,125,90,98,#705848,#7038F8,#705072,dragon,NA
636,larvesta,636,1.1,28.8,72,bug,fire,55,85,55,50,55,60,#A8B820,#F08030,#B9AA23,bug,NA
637,volcarona,637,1.6,46,248,bug,fire,85,60,65,135,105,100,#A8B820,#F08030,#B9AA23,bug,NA
638,cobalion,638,2.1,250,261,steel,fighting,91,90,129,90,72,108,#B8B8D0,#C03028,#B997A7,no-eggs,NA
639,terrakion,639,1.9,260,261,rock,fighting,91,129,90,72,90,108,#B8A038,#C03028,#B98434,no-eggs,NA
640,virizion,640,2,200,261,grass,fighting,91,90,72,90,129,108,#78C850,#C03028,#89A346,no-eggs,NA
641,tornadus-incarnate,641,1.5,63,261,flying,NA,79,115,70,125,80,111,#A890F0,NA,NA,no-eggs,NA
642,thundurus-incarnate,642,1.5,61,261,electric,flying,79,115,70,125,80,111,#F8D030,#A890F0,#E4C05E,no-eggs,NA
643,reshiram,643,3.2,330,306,dragon,fire,100,120,100,150,120,90,#7038F8,#F08030,#8F49C7,no-eggs,NA
644,zekrom,644,2.9,345,306,dragon,electric,100,150,120,120,100,90,#7038F8,#F8D030,#905CC7,no-eggs,NA
645,landorus-incarnate,645,1.5,68,270,ground,flying,89,125,90,115,80,101,#E0C068,#A890F0,#D2B488,no-eggs,NA
646,kyurem,646,3,325,297,dragon,ice,125,130,90,130,90,95,#7038F8,#98D8D8,#795EF0,no-eggs,NA
647,keldeo-ordinary,647,1.4,48.5,261,water,fighting,91,72,90,129,90,108,#6890F0,#C03028,#7D78BF,no-eggs,NA
648,meloetta-aria,648,0.6,6.5,270,normal,psychic,100,77,77,128,128,90,#A8A878,#F85888,#BB947B,no-eggs,NA
649,genesect,649,1.5,82.5,270,bug,steel,71,120,95,120,95,99,#A8B820,#B8B8D0,#ABB84A,no-eggs,NA
650,chespin,650,0.4,9,63,grass,NA,56,61,65,48,45,38,#78C850,NA,NA,ground,NA
651,quilladin,651,0.7,29,142,grass,NA,61,78,95,56,58,57,#78C850,NA,NA,ground,NA
652,chesnaught,652,1.6,90,239,grass,fighting,88,107,122,74,75,64,#78C850,#C03028,#89A346,ground,NA
653,fennekin,653,0.4,9.4,61,fire,NA,40,45,40,62,60,60,#F08030,NA,NA,ground,NA
654,braixen,654,1,14.5,143,fire,NA,59,59,58,90,70,73,#F08030,NA,NA,ground,NA
655,delphox,655,1.5,39,240,fire,psychic,75,69,72,114,100,104,#F08030,#F85888,#F17645,ground,NA
656,froakie,656,0.3,7,63,water,NA,41,56,40,62,44,71,#6890F0,NA,NA,water1,NA
657,frogadier,657,0.6,10.9,142,water,NA,54,63,52,83,56,97,#6890F0,NA,NA,water1,NA
658,greninja,658,1.5,40,239,water,dark,72,95,67,103,71,122,#6890F0,#705848,#6982C7,water1,NA
659,bunnelby,659,0.4,5,47,normal,NA,38,36,38,32,36,57,#A8A878,NA,NA,ground,NA
660,diggersby,660,1,42.4,148,normal,ground,85,56,77,50,77,78,#A8A878,#E0C068,#B5AD74,ground,NA
661,fletchling,661,0.3,1.7,56,normal,flying,45,50,43,40,38,62,#A8A878,#A890F0,#A8A295,flying,NA
662,fletchinder,662,0.7,16,134,fire,flying,62,73,55,56,52,84,#F08030,#A890F0,#DE835E,flying,NA
663,talonflame,663,1.2,24.5,175,fire,flying,78,81,71,74,69,126,#F08030,#A890F0,#DE835E,flying,NA
664,scatterbug,664,0.3,2.5,40,bug,NA,38,35,40,27,25,35,#A8B820,NA,NA,bug,NA
665,spewpa,665,0.3,8.4,75,bug,NA,45,22,60,27,30,29,#A8B820,NA,NA,bug,NA
666,vivillon,666,1.2,17,185,bug,flying,80,52,50,90,50,89,#A8B820,#A890F0,#A8AE52,bug,NA
667,litleo,667,0.6,13.5,74,fire,normal,62,50,58,73,54,72,#F08030,#A8A878,#DE8941,ground,NA
668,pyroar,668,1.5,81.5,177,fire,normal,86,68,72,109,66,106,#F08030,#A8A878,#DE8941,ground,NA
669,flabebe,669,0.1,0.1,61,fairy,NA,44,38,39,61,79,42,#EE99AC,NA,NA,fairy,NA
670,floette,670,0.2,0.9,130,fairy,NA,54,45,47,75,98,52,#EE99AC,NA,NA,fairy,NA
671,florges,671,1.1,10,248,fairy,NA,78,65,68,112,154,75,#EE99AC,NA,NA,fairy,NA
672,skiddo,672,0.9,31,70,grass,NA,66,65,48,62,57,52,#78C850,NA,NA,ground,NA
673,gogoat,673,1.7,91,186,grass,NA,123,100,62,97,81,68,#78C850,NA,NA,ground,NA
674,pancham,674,0.6,8,70,fighting,NA,67,82,62,46,48,43,#C03028,NA,NA,ground,humanshape
675,pangoro,675,2.1,136,173,fighting,dark,95,124,78,69,71,58,#C03028,#705848,#AC392F,ground,humanshape
676,furfrou,676,1.2,28,165,normal,NA,75,80,60,65,90,102,#A8A878,NA,NA,ground,NA
677,espurr,677,0.3,3.5,71,psychic,NA,62,48,54,63,60,68,#F85888,NA,NA,ground,NA
678,meowstic-male,678,0.6,8.5,163,psychic,NA,74,48,76,83,81,104,#F85888,NA,NA,ground,NA
679,honedge,679,0.8,2,65,steel,ghost,45,80,100,35,37,28,#B8B8D0,#705898,#A6A0C2,mineral,NA
680,doublade,680,0.8,4.5,157,steel,ghost,59,110,150,45,49,35,#B8B8D0,#705898,#A6A0C2,mineral,NA
681,aegislash-shield,681,1.7,53,234,steel,ghost,60,50,150,50,150,60,#B8B8D0,#705898,#A6A0C2,mineral,NA
682,spritzee,682,0.2,0.5,68,fairy,NA,78,52,60,63,65,23,#EE99AC,NA,NA,fairy,NA
683,aromatisse,683,0.8,15.5,162,fairy,NA,101,72,72,99,89,29,#EE99AC,NA,NA,fairy,NA
684,swirlix,684,0.4,3.5,68,fairy,NA,62,48,66,59,57,49,#EE99AC,NA,NA,fairy,NA
685,slurpuff,685,0.8,5,168,fairy,NA,82,80,86,85,75,72,#EE99AC,NA,NA,fairy,NA
686,inkay,686,0.4,3.5,58,dark,psychic,53,54,53,37,46,45,#705848,#F85888,#905857,water1,water2
687,malamar,687,1.5,47,169,dark,psychic,86,92,88,68,75,73,#705848,#F85888,#905857,water1,water2
688,binacle,688,0.5,31,61,rock,water,42,52,67,39,56,50,#B8A038,#6890F0,#A49C64,water3,NA
689,barbaracle,689,1.3,96,175,rock,water,72,105,115,54,86,68,#B8A038,#6890F0,#A49C64,water3,NA
690,skrelp,690,0.5,7.3,64,poison,water,50,60,60,60,60,30,#A040A0,#6890F0,#9253B3,water1,dragon
691,dragalge,691,1.8,81.5,173,poison,dragon,65,75,90,97,123,44,#A040A0,#7038F8,#943EB5,water1,dragon
692,clauncher,692,0.5,8.3,66,water,NA,50,53,62,58,63,44,#6890F0,NA,NA,water1,water3
693,clawitzer,693,1.3,35.3,100,water,NA,71,73,88,120,89,59,#6890F0,NA,NA,water1,water3
694,helioptile,694,0.5,6,58,electric,normal,44,38,33,61,43,70,#F8D030,#A8A878,#E4C641,monster,dragon
695,heliolisk,695,1,21,168,electric,normal,62,55,52,109,94,109,#F8D030,#A8A878,#E4C641,monster,dragon
696,tyrunt,696,0.8,26,72,rock,dragon,58,89,77,45,45,48,#B8A038,#7038F8,#A68666,monster,dragon
697,tyrantrum,697,2.5,270,182,rock,dragon,82,121,119,69,59,71,#B8A038,#7038F8,#A68666,monster,dragon
698,amaura,698,1.3,25.2,72,rock,ice,77,59,50,67,63,46,#B8A038,#98D8D8,#B0AD5E,monster,NA
699,aurorus,699,2.7,225,104,rock,ice,123,77,72,99,92,58,#B8A038,#98D8D8,#B0AD5E,monster,NA
700,sylveon,700,1,23.5,184,fairy,NA,95,65,65,110,130,60,#EE99AC,NA,NA,ground,NA
701,hawlucha,701,0.8,21.5,175,fighting,flying,78,92,75,74,63,118,#C03028,#A890F0,#BA4758,humanshape,NA
702,dedenne,702,0.2,2.2,151,electric,fairy,67,58,57,81,67,101,#F8D030,#EE99AC,#F5C24E,ground,fairy
703,carbink,703,0.3,5.7,100,rock,fairy,50,50,150,50,150,50,#B8A038,#EE99AC,#C59E54,fairy,mineral
704,goomy,704,0.3,2.8,60,dragon,NA,45,50,35,55,75,40,#7038F8,NA,NA,dragon,NA
705,sliggoo,705,0.8,17.5,158,dragon,NA,68,75,53,83,113,60,#7038F8,NA,NA,dragon,NA
706,goodra,706,2,150.5,270,dragon,NA,90,100,70,110,150,80,#7038F8,NA,NA,dragon,NA
707,klefki,707,0.2,3,165,steel,fairy,57,80,91,80,87,75,#B8B8D0,#EE99AC,#C5B0C7,mineral,NA
708,phantump,708,0.4,7,62,ghost,grass,43,70,48,50,60,38,#705898,#78C850,#717386,plant,indeterminate
709,trevenant,709,1.5,71,166,ghost,grass,85,110,76,65,82,56,#705898,#78C850,#717386,plant,indeterminate
710,pumpkaboo-average,710,0.4,5,67,ghost,grass,49,66,70,44,55,51,#705898,#78C850,#717386,indeterminate,NA
711,gourgeist-average,711,0.9,12.5,173,ghost,grass,65,90,122,58,75,84,#705898,#78C850,#717386,indeterminate,NA
712,bergmite,712,1,99.5,61,ice,NA,55,69,85,32,35,28,#98D8D8,NA,NA,monster,NA
713,avalugg,713,2,505,180,ice,NA,95,117,184,44,46,28,#98D8D8,NA,NA,monster,NA
714,noibat,714,0.5,8,49,flying,dragon,40,30,35,45,40,55,#A890F0,#7038F8,#9A7AF1,flying,NA
715,noivern,715,1.5,85,187,flying,dragon,85,70,80,97,80,123,#A890F0,#7038F8,#9A7AF1,flying,NA
716,xerneas,716,3,215,306,fairy,NA,126,131,95,131,98,99,#EE99AC,NA,NA,no-eggs,NA
717,yveltal,717,5.8,203,306,dark,flying,126,131,95,131,98,99,#705848,#A890F0,#7D6570,no-eggs,NA
718,zygarde,718,5,305,270,dragon,ground,108,100,121,81,95,95,#7038F8,#E0C068,#8B58D5,no-eggs,NA
719,diancie,719,0.7,8.8,270,rock,fairy,50,100,150,100,150,50,#B8A038,#EE99AC,#C59E54,no-eggs,NA
720,hoopa,720,0.5,9,270,psychic,ghost,80,110,60,150,130,70,#F85888,#705898,#D7588B,no-eggs,NA
721,volcanion,721,1.7,195,270,fire,water,80,110,120,130,90,70,#F08030,#6890F0,#CF835E,no-eggs,NA
722,rowlet,722,0.3,1.5,64,grass,flying,68,55,55,50,50,42,#78C850,#A890F0,#83BA76,flying,NA
723,dartrix,723,0.7,16,147,grass,flying,78,75,75,70,70,52,#78C850,#A890F0,#83BA76,flying,NA
724,decidueye,724,1.6,36.6,239,grass,ghost,78,107,75,100,100,70,#78C850,#705898,#76AC61,flying,NA
725,litten,725,0.4,4.3,64,fire,NA,45,65,40,60,40,70,#F08030,NA,NA,ground,NA
726,torracat,726,0.7,25,147,fire,NA,65,85,50,80,50,90,#F08030,NA,NA,ground,NA
727,incineroar,727,1.8,83,239,fire,dark,95,115,90,80,90,60,#F08030,#705848,#D07635,ground,NA
728,popplio,728,0.4,7.5,64,water,NA,50,54,54,66,56,40,#6890F0,NA,NA,water1,ground
729,brionne,729,0.6,17.5,147,water,NA,60,69,69,91,81,50,#6890F0,NA,NA,water1,ground
730,primarina,730,1.8,44,239,water,fairy,80,74,74,126,116,60,#6890F0,#EE99AC,#8892DF,water1,ground
731,pikipek,731,0.3,1.2,53,normal,flying,35,75,30,30,30,65,#A8A878,#A890F0,#A8A295,flying,NA
732,trumbeak,732,0.6,14.8,124,normal,flying,55,85,50,40,50,75,#A8A878,#A890F0,#A8A295,flying,NA
733,toucannon,733,1.1,26,218,normal,flying,80,120,75,75,75,60,#A8A878,#A890F0,#A8A295,flying,NA
734,yungoos,734,0.4,6,51,normal,NA,48,70,30,30,30,45,#A8A878,NA,NA,ground,NA
735,gumshoos,735,0.7,14.2,146,normal,NA,88,110,60,55,60,45,#A8A878,NA,NA,ground,NA
736,grubbin,736,0.4,4.4,60,bug,NA,47,62,45,55,45,46,#A8B820,NA,NA,bug,NA
737,charjabug,737,0.5,10.5,140,bug,electric,57,82,95,55,75,36,#A8B820,#F8D030,#BBBD23,bug,NA
738,vikavolt,738,1.5,45,225,bug,electric,77,70,90,145,75,43,#A8B820,#F8D030,#BBBD23,bug,NA
739,crabrawler,739,0.6,7,68,fighting,NA,47,82,57,42,47,63,#C03028,NA,NA,water3,NA
740,crabominable,740,1.7,180,167,fighting,ice,97,132,77,62,67,43,#C03028,#98D8D8,#B65852,water3,NA
741,oricorio-baile,741,0.6,3.4,167,fire,flying,75,70,70,98,70,93,#F08030,#A890F0,#DE835E,flying,NA
742,cutiefly,742,0.1,0.2,61,bug,fairy,40,45,40,55,40,84,#A8B820,#EE99AC,#B8B041,bug,fairy
743,ribombee,743,0.2,0.5,162,bug,fairy,60,55,60,95,70,124,#A8B820,#EE99AC,#B8B041,bug,fairy
744,rockruff,744,0.5,9.2,56,rock,NA,45,65,40,30,40,60,#B8A038,NA,NA,ground,NA
745,lycanroc-midday,745,0.8,25,170,rock,NA,75,115,65,55,65,112,#B8A038,NA,NA,ground,NA
746,wishiwashi-solo,746,0.2,0.3,61,water,NA,45,20,20,25,25,40,#6890F0,NA,NA,water2,NA
747,mareanie,747,0.4,8,61,poison,water,50,53,62,43,52,45,#A040A0,#6890F0,#9253B3,water1,NA
748,toxapex,748,0.7,14.5,173,poison,water,50,63,152,53,142,35,#A040A0,#6890F0,#9253B3,water1,NA
749,mudbray,749,1,110,77,ground,NA,70,100,70,45,55,45,#E0C068,NA,NA,ground,NA
750,mudsdale,750,2.5,920,175,ground,NA,100,125,100,55,85,35,#E0C068,NA,NA,ground,NA
751,dewpider,751,0.3,4,54,water,bug,38,40,52,40,72,27,#6890F0,#A8B820,#7799BD,water1,bug
752,araquanid,752,1.8,82,159,water,bug,68,70,92,50,132,42,#6890F0,#A8B820,#7799BD,water1,bug
753,fomantis,753,0.3,1.5,50,grass,NA,40,55,35,50,35,35,#78C850,NA,NA,plant,NA
754,lurantis,754,0.9,18.5,168,grass,NA,70,105,90,80,90,45,#78C850,NA,NA,plant,NA
755,morelull,755,0.2,1.5,57,grass,fairy,40,35,55,65,75,15,#78C850,#EE99AC,#94BC66,plant,NA
756,shiinotic,756,1,11.5,142,grass,fairy,60,45,80,90,100,30,#78C850,#EE99AC,#94BC66,plant,NA
757,salandit,757,0.6,4.8,64,poison,fire,48,44,40,71,40,77,#A040A0,#F08030,#B34F84,monster,dragon
758,salazzle,758,1.2,22.2,168,poison,fire,68,64,60,111,60,117,#A040A0,#F08030,#B34F84,monster,dragon
759,stufful,759,0.5,6.8,68,normal,fighting,70,75,50,45,50,50,#A8A878,#C03028,#AD8A64,ground,NA
760,bewear,760,2.1,135,175,normal,fighting,120,125,80,55,60,60,#A8A878,#C03028,#AD8A64,ground,NA
761,bounsweet,761,0.3,3.2,42,grass,NA,42,30,38,30,38,32,#78C850,NA,NA,plant,NA
762,steenee,762,0.7,8.2,102,grass,NA,52,40,48,40,48,62,#78C850,NA,NA,plant,NA
763,tsareena,763,1.2,21.4,230,grass,NA,72,120,98,50,98,72,#78C850,NA,NA,plant,NA
764,comfey,764,0.1,0.3,170,fairy,NA,51,52,90,82,110,100,#EE99AC,NA,NA,plant,NA
765,oranguru,765,1.5,76,172,normal,psychic,90,60,80,90,110,60,#A8A878,#F85888,#BB947B,ground,NA
766,passimian,766,2,82.8,172,fighting,NA,100,120,90,40,60,80,#C03028,NA,NA,ground,NA
767,wimpod,767,0.5,12,46,bug,water,25,35,40,20,30,80,#A8B820,#6890F0,#98AE52,bug,water3
768,golisopod,768,2,108,186,bug,water,75,125,140,60,90,40,#A8B820,#6890F0,#98AE52,bug,water3
769,sandygast,769,0.5,70,64,ghost,ground,55,55,80,70,45,15,#705898,#E0C068,#8B718C,indeterminate,NA
770,palossand,770,1.3,250,168,ghost,ground,85,75,110,100,75,35,#705898,#E0C068,#8B718C,indeterminate,NA
771,pyukumuku,771,0.3,1.2,144,water,NA,55,60,130,30,130,5,#6890F0,NA,NA,water1,NA
772,type-null,772,1.9,120.5,107,normal,NA,95,95,95,95,95,59,#A8A878,NA,NA,no-eggs,NA
773,silvally,773,2.3,100.5,114,normal,NA,95,95,95,95,95,95,#A8A878,NA,NA,no-eggs,NA
774,minior-red-meteor,774,0.3,40,154,rock,flying,60,60,100,60,100,60,#B8A038,#A890F0,#B49C64,mineral,NA
775,komala,775,0.4,19.9,168,normal,NA,65,115,65,75,95,65,#A8A878,NA,NA,ground,NA
776,turtonator,776,2,212,170,fire,dragon,60,78,135,91,85,36,#F08030,#7038F8,#D06E60,monster,dragon
777,togedemaru,777,0.3,3.3,152,electric,steel,65,98,63,40,73,96,#F8D030,#B8B8D0,#E8CA56,ground,fairy
778,mimikyu-disguised,778,0.2,0.7,167,ghost,fairy,55,90,80,50,105,96,#705898,#EE99AC,#8E679C,indeterminate,NA
779,bruxish,779,0.9,19,166,water,psychic,68,105,70,70,70,92,#6890F0,#F85888,#8A82D6,water2,NA
780,drampa,780,3,185,170,normal,dragon,78,60,85,135,91,36,#A8A878,#7038F8,#9A8C97,monster,dragon
781,dhelmise,781,3.9,210,181,ghost,grass,70,131,100,86,90,40,#705898,#78C850,#717386,mineral,NA
782,jangmo-o,782,0.6,29.7,60,dragon,NA,45,55,65,45,45,45,#7038F8,NA,NA,dragon,NA
783,hakamo-o,783,1.2,47,147,dragon,fighting,55,75,90,65,70,65,#7038F8,#C03028,#8336C5,dragon,NA
784,kommo-o,784,1.6,78.2,270,dragon,fighting,75,110,125,100,105,85,#7038F8,#C03028,#8336C5,dragon,NA
785,tapu-koko,785,1.8,20.5,114,electric,fairy,70,115,85,95,75,130,#F8D030,#EE99AC,#F5C24E,no-eggs,NA
786,tapu-lele,786,1.2,18.6,114,psychic,fairy,70,85,75,130,115,95,#F85888,#EE99AC,#F56790,no-eggs,NA
787,tapu-bulu,787,1.9,45.5,114,grass,fairy,70,130,115,85,95,75,#78C850,#EE99AC,#94BC66,no-eggs,NA
788,tapu-fini,788,1.3,21.2,114,water,fairy,70,75,115,95,130,85,#6890F0,#EE99AC,#8892DF,no-eggs,NA
789,cosmog,789,0.2,0.1,40,psychic,NA,43,29,31,29,31,37,#F85888,NA,NA,no-eggs,NA
790,cosmoem,790,0.1,999.9,80,psychic,NA,43,29,131,29,131,37,#F85888,NA,NA,no-eggs,NA
791,solgaleo,791,3.4,230,136,psychic,steel,137,137,107,113,89,97,#F85888,#B8B8D0,#E86F99,no-eggs,NA
792,lunala,792,4,120,136,psychic,ghost,137,113,89,137,107,97,#F85888,#705898,#D7588B,no-eggs,NA
793,nihilego,793,1.2,55.5,114,rock,poison,109,53,47,127,131,103,#B8A038,#A040A0,#B28851,no-eggs,NA
794,buzzwole,794,2.4,333.6,114,bug,fighting,107,139,139,53,53,79,#A8B820,#C03028,#AD9721,no-eggs,NA
795,pheromosa,795,1.8,25,114,bug,fighting,71,137,37,137,37,151,#A8B820,#C03028,#AD9721,no-eggs,NA
796,xurkitree,796,3.8,100,114,electric,NA,83,89,71,173,71,83,#F8D030,NA,NA,no-eggs,NA
797,celesteela,797,9.2,999.9,114,steel,flying,97,101,103,107,101,61,#B8B8D0,#A890F0,#B4AED7,no-eggs,NA
798,kartana,798,0.3,0.1,114,grass,steel,59,181,131,59,31,109,#78C850,#B8B8D0,#87C46F,no-eggs,NA
799,guzzlord,799,5.5,888,114,dark,dragon,223,101,53,97,53,43,#705848,#7038F8,#705072,no-eggs,NA
800,necrozma,800,2.4,230,120,psychic,NA,97,107,101,127,89,79,#F85888,NA,NA,no-eggs,NA
801,magearna,801,1,80.5,120,steel,fairy,80,95,115,130,115,65,#B8B8D0,#EE99AC,#C5B0C7,no-eggs,NA
802,marshadow,802,0.7,22.2,120,fighting,ghost,90,125,80,90,90,125,#C03028,#705898,#AC3943,no-eggs,NA
10001,deoxys-attack,386,1.7,60.8,270,psychic,NA,50,180,20,180,20,150,#F85888,NA,NA,no-eggs,NA
10002,deoxys-defense,386,1.7,60.8,270,psychic,NA,50,70,160,70,160,90,#F85888,NA,NA,no-eggs,NA
10003,deoxys-speed,386,1.7,60.8,270,psychic,NA,50,95,90,95,90,180,#F85888,NA,NA,no-eggs,NA
10004,wormadam-sandy,413,0.5,6.5,148,bug,ground,60,79,105,59,85,36,#A8B820,#E0C068,#B5B931,bug,NA
10005,wormadam-trash,413,0.5,6.5,148,bug,steel,60,69,95,69,95,36,#A8B820,#B8B8D0,#ABB84A,bug,NA
10006,shaymin-sky,492,0.4,5.2,270,grass,flying,100,103,75,120,75,127,#78C850,#A890F0,#83BA76,no-eggs,NA
10007,giratina-origin,487,6.9,650,306,ghost,dragon,150,120,100,120,100,90,#705898,#7038F8,#7050AF,no-eggs,NA
10008,rotom-heat,479,0.3,0.3,182,electric,fire,50,65,107,105,107,86,#F8D030,#F08030,#F6BC30,indeterminate,NA
10009,rotom-wash,479,0.3,0.3,182,electric,water,50,65,107,105,107,86,#F8D030,#6890F0,#D5C05E,indeterminate,NA
10010,rotom-frost,479,0.3,0.3,182,electric,ice,50,65,107,105,107,86,#F8D030,#98D8D8,#E0D158,indeterminate,NA
10011,rotom-fan,479,0.3,0.3,182,electric,flying,50,65,107,105,107,86,#F8D030,#A890F0,#E4C05E,indeterminate,NA
10012,rotom-mow,479,0.3,0.3,182,electric,grass,50,65,107,105,107,86,#F8D030,#78C850,#D8CE37,indeterminate,NA
10013,castform-sunny,351,0.3,0.8,147,fire,NA,70,70,70,70,70,70,#F08030,NA,NA,fairy,indeterminate
10014,castform-rainy,351,0.3,0.8,147,water,NA,70,70,70,70,70,70,#6890F0,NA,NA,fairy,indeterminate
10015,castform-snowy,351,0.3,0.8,147,ice,NA,70,70,70,70,70,70,#98D8D8,NA,NA,fairy,indeterminate
10016,basculin-blue-striped,550,1,18,161,water,NA,70,92,65,80,55,98,#6890F0,NA,NA,water2,NA
10017,darmanitan-zen,555,1.3,92.9,189,fire,psychic,105,30,105,140,105,55,#F08030,#F85888,#F17645,ground,NA
10018,meloetta-pirouette,648,0.6,6.5,270,normal,fighting,100,128,90,77,77,128,#A8A878,#C03028,#AD8A64,no-eggs,NA
10019,tornadus-therian,641,1.4,63,261,flying,NA,79,100,80,110,90,121,#A890F0,NA,NA,no-eggs,NA
10020,thundurus-therian,642,3,61,261,electric,flying,79,105,70,145,80,101,#F8D030,#A890F0,#E4C05E,no-eggs,NA
10021,landorus-therian,645,1.3,68,270,ground,flying,89,145,90,105,80,91,#E0C068,#A890F0,#D2B488,no-eggs,NA
10022,kyurem-black,646,3.3,325,315,dragon,ice,125,170,100,120,90,95,#7038F8,#98D8D8,#795EF0,no-eggs,NA
10023,kyurem-white,646,3.6,325,315,dragon,ice,125,120,90,170,100,95,#7038F8,#98D8D8,#795EF0,no-eggs,NA
10024,keldeo-resolute,647,1.4,48.5,261,water,fighting,91,72,90,129,90,108,#6890F0,#C03028,#7D78BF,no-eggs,NA
10025,meowstic-female,678,0.6,8.5,163,psychic,NA,74,48,76,83,81,104,#F85888,NA,NA,ground,NA
10026,aegislash-blade,681,1.7,53,234,steel,ghost,60,150,50,150,50,60,#B8B8D0,#705898,#A6A0C2,mineral,NA
10027,pumpkaboo-small,710,0.3,3.5,67,ghost,grass,44,66,70,44,55,56,#705898,#78C850,#717386,indeterminate,NA
10028,pumpkaboo-large,710,0.5,7.5,67,ghost,grass,54,66,70,44,55,46,#705898,#78C850,#717386,indeterminate,NA
10029,pumpkaboo-super,710,0.8,15,67,ghost,grass,59,66,70,44,55,41,#705898,#78C850,#717386,indeterminate,NA
10030,gourgeist-small,711,0.7,9.5,173,ghost,grass,55,85,122,58,75,99,#705898,#78C850,#717386,indeterminate,NA
10031,gourgeist-large,711,1.1,14,173,ghost,grass,75,95,122,58,75,69,#705898,#78C850,#717386,indeterminate,NA
10032,gourgeist-super,711,1.7,39,173,ghost,grass,85,100,122,58,75,54,#705898,#78C850,#717386,indeterminate,NA
10033,venusaur-mega,3,2.4,155.5,281,grass,poison,80,100,123,122,120,80,#78C850,#A040A0,#81A763,monster,plant
10034,charizard-mega-x,6,1.7,110.5,285,fire,dragon,78,130,111,130,85,100,#F08030,#7038F8,#D06E60,monster,dragon
10035,charizard-mega-y,6,1.7,100.5,285,fire,flying,78,104,78,159,115,100,#F08030,#A890F0,#DE835E,monster,dragon
10036,blastoise-mega,9,1.6,101.1,284,water,NA,79,103,120,135,115,78,#6890F0,NA,NA,monster,water1
10037,alakazam-mega,65,1.2,48,270,psychic,NA,55,50,65,175,105,150,#F85888,NA,NA,humanshape,NA
10038,gengar-mega,94,1.4,40.5,270,ghost,poison,60,65,80,170,95,130,#705898,#A040A0,#7B5299,indeterminate,NA
10039,kangaskhan-mega,115,2.2,100,207,normal,NA,105,125,100,60,100,100,#A8A878,NA,NA,monster,NA
10040,pinsir-mega,127,1.7,59,210,bug,flying,65,155,120,65,90,105,#A8B820,#A890F0,#A8AE52,bug,NA
10041,gyarados-mega,130,6.5,305,224,water,dark,95,155,109,70,130,81,#6890F0,#705848,#6982C7,water2,dragon
10042,aerodactyl-mega,142,2.1,79,215,rock,flying,80,135,85,70,95,150,#B8A038,#A890F0,#B49C64,flying,NA
10043,mewtwo-mega-x,150,2.3,127,351,psychic,fighting,106,190,100,154,100,130,#F85888,#C03028,#EA4E70,no-eggs,NA
10044,mewtwo-mega-y,150,1.5,33,351,psychic,NA,106,150,70,194,120,140,#F85888,NA,NA,no-eggs,NA
10045,ampharos-mega,181,1.4,61.5,275,electric,dragon,90,95,105,165,110,45,#F8D030,#7038F8,#D7AB60,monster,ground
10046,scizor-mega,212,2,125,210,bug,steel,70,150,140,65,100,75,#A8B820,#B8B8D0,#ABB84A,bug,NA
10047,heracross-mega,214,1.7,62.5,210,bug,fighting,80,185,115,40,105,75,#A8B820,#C03028,#AD9721,bug,NA
10048,houndoom-mega,229,1.9,49.5,210,dark,fire,75,90,90,140,90,115,#705848,#F08030,#8F6142,ground,NA
10049,tyranitar-mega,248,2.5,255,315,rock,dark,100,164,150,95,120,71,#B8A038,#705848,#A68E3B,monster,NA
10050,blaziken-mega,257,1.9,52,284,fire,fighting,80,160,80,130,80,100,#F08030,#C03028,#E46C2E,ground,NA
10051,gardevoir-mega,282,1.6,48.4,278,psychic,fairy,68,85,65,165,135,100,#F85888,#EE99AC,#F56790,indeterminate,NA
10052,mawile-mega,303,1,23.5,168,steel,fairy,50,105,125,55,95,50,#B8B8D0,#EE99AC,#C5B0C7,ground,fairy
10053,aggron-mega,306,2.2,395,284,steel,NA,70,140,230,60,80,50,#B8B8D0,NA,NA,monster,NA
10054,medicham-mega,308,1.3,31.5,179,fighting,psychic,60,100,85,80,85,100,#C03028,#F85888,#CD393F,humanshape,NA
10055,manectric-mega,310,1.8,44,201,electric,NA,70,75,80,135,80,135,#F8D030,NA,NA,ground,NA
10056,banette-mega,354,1.2,13,194,ghost,NA,64,165,75,93,83,75,#705898,NA,NA,indeterminate,NA
10057,absol-mega,359,1.2,49,198,dark,NA,65,150,60,115,60,115,#705848,NA,NA,ground,NA
10058,garchomp-mega,445,1.9,95,315,dragon,ground,108,170,115,120,95,92,#7038F8,#E0C068,#8B58D5,monster,dragon
10059,lucario-mega,448,1.3,57.5,219,fighting,steel,70,145,88,140,70,112,#C03028,#B8B8D0,#BE5050,ground,humanshape
10060,abomasnow-mega,460,2.7,185,208,grass,ice,90,132,105,132,105,30,#78C850,#98D8D8,#7FCB70,monster,plant
10061,floette-eternal,670,0.2,0.9,243,fairy,NA,74,65,67,125,128,92,#EE99AC,NA,NA,fairy,NA
10062,latias-mega,380,1.8,52,315,dragon,psychic,80,100,120,140,150,110,#7038F8,#F85888,#903FDC,no-eggs,NA
10063,latios-mega,381,2.3,70,315,dragon,psychic,80,130,100,160,120,110,#7038F8,#F85888,#903FDC,no-eggs,NA
10064,swampert-mega,260,1.9,102,286,water,ground,100,150,110,95,110,70,#6890F0,#E0C068,#859BCF,monster,water1
10065,sceptile-mega,254,1.9,55.2,284,grass,dragon,70,110,75,145,85,145,#78C850,#7038F8,#76A578,monster,dragon
10066,sableye-mega,302,0.5,161,168,dark,ghost,50,85,125,85,115,20,#705848,#705898,#70585B,humanshape,NA
10067,altaria-mega,334,1.5,20.6,207,dragon,fairy,75,110,110,110,105,80,#7038F8,#EE99AC,#8E4FE5,flying,dragon
10068,gallade-mega,475,1.6,56.4,278,psychic,fighting,68,165,95,65,115,110,#F85888,#C03028,#EA4E70,indeterminate,NA
10069,audino-mega,531,1.5,32,425,normal,fairy,103,60,126,80,126,50,#A8A878,#EE99AC,#B8A484,fairy,NA
10070,sharpedo-mega,319,2.5,130.3,196,water,dark,70,140,70,110,65,105,#6890F0,#705848,#6982C7,water2,NA
10071,slowbro-mega,80,2,120,207,water,psychic,95,75,180,130,80,30,#6890F0,#F85888,#8A82D6,monster,water1
10072,steelix-mega,208,10.5,740,214,steel,ground,75,125,230,55,95,30,#B8B8D0,#E0C068,#C1B9B6,mineral,NA
10073,pidgeot-mega,18,2.2,50.5,261,normal,flying,83,80,80,135,80,121,#A8A878,#A890F0,#A8A295,flying,NA
10074,glalie-mega,362,2.1,350.2,203,ice,NA,80,120,80,120,80,100,#98D8D8,NA,NA,fairy,mineral
10075,diancie-mega,719,1.1,27.8,315,rock,fairy,50,160,110,160,110,110,#B8A038,#EE99AC,#C59E54,no-eggs,NA
10076,metagross-mega,376,2.5,942.9,315,steel,psychic,80,145,150,105,110,110,#B8B8D0,#F85888,#C7A0BE,mineral,NA
10077,kyogre-primal,382,9.8,430,347,water,NA,100,150,90,180,160,90,#6890F0,NA,NA,no-eggs,NA
10078,groudon-primal,383,5,999.7,347,ground,fire,100,180,160,150,90,90,#E0C068,#F08030,#E3B05A,no-eggs,NA
10079,rayquaza-mega,384,10.8,392,351,dragon,flying,105,180,100,180,100,115,#7038F8,#A890F0,#7D4DF6,no-eggs,NA
10080,pikachu-rock-star,25,0.4,6,112,electric,NA,35,55,40,50,50,90,#F8D030,NA,NA,ground,fairy
10081,pikachu-belle,25,0.4,6,112,electric,NA,35,55,40,50,50,90,#F8D030,NA,NA,ground,fairy
10082,pikachu-pop-star,25,0.4,6,112,electric,NA,35,55,40,50,50,90,#F8D030,NA,NA,ground,fairy
10083,pikachu-phd,25,0.4,6,112,electric,NA,35,55,40,50,50,90,#F8D030,NA,NA,ground,fairy
10084,pikachu-libre,25,0.4,6,112,electric,NA,35,55,40,50,50,90,#F8D030,NA,NA,ground,fairy
10085,pikachu-cosplay,25,0.4,6,112,electric,NA,35,55,40,50,50,90,#F8D030,NA,NA,ground,fairy
10086,hoopa-unbound,720,6.5,490,306,psychic,dark,80,160,60,170,130,80,#F85888,#705848,#D75878,no-eggs,NA
10087,camerupt-mega,323,2.5,320.5,196,fire,ground,70,120,100,145,105,20,#F08030,#E0C068,#EC8F3D,ground,NA
10088,lopunny-mega,428,1.3,28.3,203,normal,fighting,65,136,94,54,96,135,#A8A878,#C03028,#AD8A64,ground,humanshape
10089,salamence-mega,373,1.8,112.6,315,dragon,flying,95,145,130,120,90,120,#7038F8,#A890F0,#7D4DF6,dragon,NA
10090,beedrill-mega,15,1.4,40.5,223,bug,poison,65,150,40,15,80,145,#A8B820,#A040A0,#A69A3F,bug,NA
10091,rattata-alola,19,0.3,3.8,51,dark,normal,30,56,35,25,35,72,#705848,#A8A878,#7D6B53,ground,NA
10092,raticate-alola,20,0.7,25.5,145,dark,normal,75,71,70,40,80,77,#705848,#A8A878,#7D6B53,ground,NA
10093,raticate-totem-alola,20,1.4,105,145,dark,normal,75,71,70,40,80,77,#705848,#A8A878,#7D6B53,ground,NA
10094,pikachu-original-cap,25,0.4,6,112,electric,NA,35,55,40,50,50,90,#F8D030,NA,NA,ground,fairy
10095,pikachu-hoenn-cap,25,0.4,6,112,electric,NA,35,55,40,50,50,90,#F8D030,NA,NA,ground,fairy
10096,pikachu-sinnoh-cap,25,0.4,6,112,electric,NA,35,55,40,50,50,90,#F8D030,NA,NA,ground,fairy
10097,pikachu-unova-cap,25,0.4,6,112,electric,NA,35,55,40,50,50,90,#F8D030,NA,NA,ground,fairy
10098,pikachu-kalos-cap,25,0.4,6,112,electric,NA,35,55,40,50,50,90,#F8D030,NA,NA,ground,fairy
10099,pikachu-alola-cap,25,0.4,6,112,electric,NA,35,55,40,50,50,90,#F8D030,NA,NA,ground,fairy
10100,raichu-alola,26,0.7,21,218,electric,psychic,60,85,50,95,85,110,#F8D030,#F85888,#F8B245,ground,fairy
10101,sandshrew-alola,27,0.7,40,60,ice,steel,50,75,90,10,35,40,#98D8D8,#B8B8D0,#9FD0D6,ground,NA
10102,sandslash-alola,28,1.2,55,158,ice,steel,75,100,120,25,65,65,#98D8D8,#B8B8D0,#9FD0D6,ground,NA
10103,vulpix-alola,37,0.6,9.9,60,ice,NA,38,41,40,50,65,65,#98D8D8,NA,NA,ground,NA
10104,ninetales-alola,38,1.1,19.9,177,ice,fairy,73,67,75,81,100,109,#98D8D8,#EE99AC,#ACC8CD,ground,NA
10105,diglett-alola,50,0.2,1,53,ground,steel,10,55,30,35,45,90,#E0C068,#B8B8D0,#D6BE81,ground,NA
10106,dugtrio-alola,51,0.7,66.6,149,ground,steel,35,100,60,50,70,110,#E0C068,#B8B8D0,#D6BE81,ground,NA
10107,meowth-alola,52,0.4,4.2,58,dark,NA,40,35,35,50,40,90,#705848,NA,NA,ground,NA
10108,persian-alola,53,1.1,33,154,dark,NA,65,60,60,75,65,115,#705848,NA,NA,ground,NA
10109,geodude-alola,74,0.4,20.3,60,rock,electric,40,80,100,30,30,20,#B8A038,#F8D030,#C7AB36,mineral,NA
10110,graveler-alola,75,1,110,137,rock,electric,55,95,115,45,45,35,#B8A038,#F8D030,#C7AB36,mineral,NA
10111,golem-alola,76,1.7,316,223,rock,electric,80,120,130,55,65,45,#B8A038,#F8D030,#C7AB36,mineral,NA
10112,grimer-alola,88,0.7,42,65,poison,dark,80,80,50,40,50,25,#A040A0,#705848,#94458A,indeterminate,NA
10113,muk-alola,89,1,52,175,poison,dark,105,105,75,65,100,50,#A040A0,#705848,#94458A,indeterminate,NA
10114,exeggutor-alola,103,10.9,415.6,186,grass,dragon,95,105,85,125,75,45,#78C850,#7038F8,#76A578,plant,NA
10115,marowak-alola,105,1,34,149,fire,ghost,60,80,110,50,80,45,#F08030,#705898,#D07649,monster,NA
10116,greninja-battle-bond,658,1.5,40,239,water,dark,72,95,67,103,71,122,#6890F0,#705848,#6982C7,water1,NA
10117,greninja-ash,658,1.5,40,288,water,dark,72,145,67,153,71,132,#6890F0,#705848,#6982C7,water1,NA
10118,zygarde-10,718,1.2,33.5,219,dragon,ground,54,100,71,61,85,115,#7038F8,#E0C068,#8B58D5,no-eggs,NA
10119,zygarde-50,718,5,305,270,dragon,ground,108,100,121,81,95,95,#7038F8,#E0C068,#8B58D5,no-eggs,NA
10120,zygarde-complete,718,4.5,610,319,dragon,ground,216,100,121,91,95,85,#7038F8,#E0C068,#8B58D5,no-eggs,NA
10121,gumshoos-totem,735,1.4,60,146,normal,NA,88,110,60,55,60,45,#A8A878,NA,NA,ground,NA
10122,vikavolt-totem,738,2.6,147.5,225,bug,electric,77,70,90,145,75,43,#A8B820,#F8D030,#BBBD23,bug,NA
10123,oricorio-pom-pom,741,0.6,3.4,167,electric,flying,75,70,70,98,70,93,#F8D030,#A890F0,#E4C05E,flying,NA
10124,oricorio-pau,741,0.6,3.4,167,psychic,flying,75,70,70,98,70,93,#F85888,#A890F0,#E465A1,flying,NA
10125,oricorio-sensu,741,0.6,3.4,167,ghost,flying,75,70,70,98,70,93,#705898,#A890F0,#7D65AD,flying,NA
10126,lycanroc-midnight,745,1.1,25,170,rock,NA,85,115,75,55,75,82,#B8A038,NA,NA,ground,NA
10127,wishiwashi-school,746,8.2,78.6,217,water,NA,45,140,130,140,135,30,#6890F0,NA,NA,water2,NA
10128,lurantis-totem,754,1.5,58,168,grass,NA,70,105,90,80,90,45,#78C850,NA,NA,plant,NA
10129,salazzle-totem,758,2.1,81,168,poison,fire,68,64,60,111,60,117,#A040A0,#F08030,#B34F84,monster,dragon
10130,minior-orange-meteor,774,0.3,40,154,rock,flying,60,60,100,60,100,60,#B8A038,#A890F0,#B49C64,mineral,NA
10131,minior-yellow-meteor,774,0.3,40,154,rock,flying,60,60,100,60,100,60,#B8A038,#A890F0,#B49C64,mineral,NA
10132,minior-green-meteor,774,0.3,40,154,rock,flying,60,60,100,60,100,60,#B8A038,#A890F0,#B49C64,mineral,NA
10133,minior-blue-meteor,774,0.3,40,154,rock,flying,60,60,100,60,100,60,#B8A038,#A890F0,#B49C64,mineral,NA
10134,minior-indigo-meteor,774,0.3,40,154,rock,flying,60,60,100,60,100,60,#B8A038,#A890F0,#B49C64,mineral,NA
10135,minior-violet-meteor,774,0.3,40,154,rock,flying,60,60,100,60,100,60,#B8A038,#A890F0,#B49C64,mineral,NA
10136,minior-red,774,0.3,0.3,175,rock,flying,60,100,60,100,60,120,#B8A038,#A890F0,#B49C64,mineral,NA
10137,minior-orange,774,0.3,0.3,175,rock,flying,60,100,60,100,60,120,#B8A038,#A890F0,#B49C64,mineral,NA
10138,minior-yellow,774,0.3,0.3,175,rock,flying,60,100,60,100,60,120,#B8A038,#A890F0,#B49C64,mineral,NA
10139,minior-green,774,0.3,0.3,175,rock,flying,60,100,60,100,60,120,#B8A038,#A890F0,#B49C64,mineral,NA
10140,minior-blue,774,0.3,0.3,175,rock,flying,60,100,60,100,60,120,#B8A038,#A890F0,#B49C64,mineral,NA
10141,minior-indigo,774,0.3,0.3,175,rock,flying,60,100,60,100,60,120,#B8A038,#A890F0,#B49C64,mineral,NA
10142,minior-violet,774,0.3,0.3,175,rock,flying,60,100,60,100,60,120,#B8A038,#A890F0,#B49C64,mineral,NA
10143,mimikyu-busted,778,0.2,0.7,167,ghost,fairy,55,90,80,50,105,96,#705898,#EE99AC,#8E679C,indeterminate,NA
10144,mimikyu-totem-disguised,778,0.4,2.8,167,ghost,fairy,55,90,80,50,105,96,#705898,#EE99AC,#8E679C,indeterminate,NA
10145,mimikyu-totem-busted,778,0.4,2.8,167,ghost,fairy,55,90,80,50,105,96,#705898,#EE99AC,#8E679C,indeterminate,NA
10146,kommo-o-totem,784,2.4,207.5,270,dragon,fighting,75,110,125,100,105,85,#7038F8,#C03028,#8336C5,dragon,NA
10147,magearna-original,801,1,80.5,120,steel,fairy,80,95,115,130,115,65,#B8B8D0,#EE99AC,#C5B0C7,no-eggs,NA